2025-05-26 14:54:35,505 - INFO - Checking login status...
2025-05-26 14:55:10,101 - INFO - Already logged in - starting in headless mode
2025-05-26 14:55:22,404 - INFO - Successfully initialized headless mode
2025-05-26 15:00:42,164 - INFO - Message sent to 601116368428
2025-05-26 15:00:42,405 - INFO - Excel status updated: E:/blast/D'vine/D'vine Residence11_report.xlsx
2025-05-26 15:06:09,401 - INFO - Message sent to 60164641436
2025-05-26 15:06:09,497 - INFO - Excel status updated: E:/blast/D'vine/D'vine Residence11_report.xlsx
2025-05-26 15:13:35,002 - INFO - Message sent to 60165822511
2025-05-26 15:13:35,255 - INFO - Excel status updated: E:/blast/D'vine/D'vine Residence11_report.xlsx
2025-05-26 15:20:07,653 - INFO - Message sent to 60132595259
2025-05-26 15:20:07,915 - INFO - Excel status updated: E:/blast/D'vine/D'vine Residence11_report.xlsx
2025-05-26 15:26:27,033 - INFO - Message sent to 60105600130
2025-05-26 15:26:27,320 - INFO - Excel status updated: E:/blast/D'vine/D'vine Residence11_report.xlsx
2025-05-26 15:32:24,799 - INFO - Message sent to 60169406935
2025-05-26 15:32:24,912 - INFO - Excel status updated: E:/blast/D'vine/D'vine Residence11_report.xlsx
2025-05-26 15:39:21,008 - INFO - Message sent to 60132600954
2025-05-26 15:39:21,347 - INFO - Excel status updated: E:/blast/D'vine/D'vine Residence11_report.xlsx; Report generated: E:/blast/D'vine/D'vine Residence11_report.xlsx; Automation completed!
Report generated: E:/blast/D'vine/D'vine Residence11_report.xlsx
Total messages: 7
Successful: 7
Failed: 0
Success rate: 100.0%
Report saved as: E:/blast/D'vine/D'vine Residence11_report.xlsx
2025-05-27 10:56:00,333 - INFO - Checking login status...
2025-05-27 10:56:14,701 - INFO - Already logged in - starting in headless mode
2025-05-27 10:56:34,340 - INFO - Successfully initialized headless mode
2025-05-27 11:03:40,119 - INFO - Message sent to 601110545212
2025-05-27 11:03:40,392 - INFO - Excel status updated: E:/blast/D'vine/D'vine Residence17_report.xlsx
2025-05-27 11:09:26,363 - INFO - Message sent to 60122050693
2025-05-27 11:09:26,472 - INFO - Excel status updated: E:/blast/D'vine/D'vine Residence17_report.xlsx
2025-05-27 11:15:32,942 - INFO - Message sent to 60193369862
2025-05-27 11:15:33,045 - INFO - Excel status updated: E:/blast/D'vine/D'vine Residence17_report.xlsx
2025-05-27 11:22:16,794 - INFO - Message sent to 60165613420
2025-05-27 11:22:17,055 - INFO - Excel status updated: E:/blast/D'vine/D'vine Residence17_report.xlsx
2025-05-27 11:22:31,956 - WARNING - Invalid phone number for 601112723005. Skipping.
2025-05-27 11:22:32,059 - INFO - Excel status updated: E:/blast/D'vine/D'vine Residence17_report.xlsx
2025-05-27 11:22:47,456 - WARNING - Invalid phone number for 60109027313. Skipping.
2025-05-27 11:22:47,565 - INFO - Excel status updated: E:/blast/D'vine/D'vine Residence17_report.xlsx
2025-05-27 11:23:03,278 - WARNING - Invalid phone number for 601137099772. Skipping.
2025-05-27 11:23:03,382 - INFO - Excel status updated: E:/blast/D'vine/D'vine Residence17_report.xlsx
2025-05-27 11:23:19,697 - WARNING - Invalid phone number for 60165377530. Skipping.
2025-05-27 11:23:19,827 - INFO - Excel status updated: E:/blast/D'vine/D'vine Residence17_report.xlsx
2025-05-27 11:31:35,764 - ERROR - Failed to load chat or detect error for 601119343891: Message: invalid session id: session deleted as the browser has closed the connection
from disconnected: not connected to DevTools
  (Session info: chrome=136.0.7103.114)
Stacktrace:
	GetHandleVerifier [0x00007FF64E28CF45+75717]
	GetHandleVerifier [0x00007FF64E28CFA0+75808]
	(No symbol) [0x00007FF64E058F9A]
	(No symbol) [0x00007FF64E044E35]
	(No symbol) [0x00007FF64E069DB4]
	(No symbol) [0x00007FF64E0DEE75]
	(No symbol) [0x00007FF64E0FECC2]
	(No symbol) [0x00007FF64E0D7153]
	(No symbol) [0x00007FF64E0A0421]
	(No symbol) [0x00007FF64E0A11B3]
	GetHandleVerifier [0x00007FF64E58D71D+3223453]
	GetHandleVerifier [0x00007FF64E587CC2+3200322]
	GetHandleVerifier [0x00007FF64E5A5AF3+3322739]
	GetHandleVerifier [0x00007FF64E2A6A1A+180890]
	GetHandleVerifier [0x00007FF64E2AE11F+211359]
	GetHandleVerifier [0x00007FF64E295294+109332]
	GetHandleVerifier [0x00007FF64E295442+109762]
	GetHandleVerifier [0x00007FF64E27BA59+4825]
	BaseThreadInitThunk [0x00007FFC862F7374+20]
	RtlUserThreadStart [0x00007FFC870BCC91+33]

2025-05-27 11:31:37,483 - INFO - Excel status updated: E:/blast/D'vine/D'vine Residence17_report.xlsx
2025-05-27 11:31:43,094 - ERROR - Error sending message to 60183734208: Message: invalid session id
Stacktrace:
	GetHandleVerifier [0x00007FF64E28CF45+75717]
	GetHandleVerifier [0x00007FF64E28CFA0+75808]
	(No symbol) [0x00007FF64E058DCC]
	(No symbol) [0x00007FF64E09F54F]
	(No symbol) [0x00007FF64E0D7242]
	(No symbol) [0x00007FF64E0D1C63]
	(No symbol) [0x00007FF64E0D0D29]
	(No symbol) [0x00007FF64E025A55]
	GetHandleVerifier [0x00007FF64E58D71D+3223453]
	GetHandleVerifier [0x00007FF64E587CC2+3200322]
	GetHandleVerifier [0x00007FF64E5A5AF3+3322739]
	GetHandleVerifier [0x00007FF64E2A6A1A+180890]
	GetHandleVerifier [0x00007FF64E2AE11F+211359]
	(No symbol) [0x00007FF64E024AC8]
	GetHandleVerifier [0x00007FF64E676FC8+4180040]
	BaseThreadInitThunk [0x00007FFC862F7374+20]
	RtlUserThreadStart [0x00007FFC870BCC91+33]

2025-05-27 11:31:43,173 - INFO - Excel status updated: E:/blast/D'vine/D'vine Residence17_report.xlsx
2025-05-27 11:31:49,207 - ERROR - Error sending message to 60132628110: Message: invalid session id
Stacktrace:
	GetHandleVerifier [0x00007FF64E28CF45+75717]
	GetHandleVerifier [0x00007FF64E28CFA0+75808]
	(No symbol) [0x00007FF64E058DCC]
	(No symbol) [0x00007FF64E09F54F]
	(No symbol) [0x00007FF64E0D7242]
	(No symbol) [0x00007FF64E0D1C63]
	(No symbol) [0x00007FF64E0D0D29]
	(No symbol) [0x00007FF64E025A55]
	GetHandleVerifier [0x00007FF64E58D71D+3223453]
	GetHandleVerifier [0x00007FF64E587CC2+3200322]
	GetHandleVerifier [0x00007FF64E5A5AF3+3322739]
	GetHandleVerifier [0x00007FF64E2A6A1A+180890]
	GetHandleVerifier [0x00007FF64E2AE11F+211359]
	(No symbol) [0x00007FF64E024AC8]
	GetHandleVerifier [0x00007FF64E676FC8+4180040]
	BaseThreadInitThunk [0x00007FFC862F7374+20]
	RtlUserThreadStart [0x00007FFC870BCC91+33]

2025-05-27 11:31:49,295 - INFO - Excel status updated: E:/blast/D'vine/D'vine Residence17_report.xlsx
2025-05-27 11:31:55,540 - ERROR - Error sending message to 60198125149: Message: invalid session id
Stacktrace:
	GetHandleVerifier [0x00007FF64E28CF45+75717]
	GetHandleVerifier [0x00007FF64E28CFA0+75808]
	(No symbol) [0x00007FF64E058DCC]
	(No symbol) [0x00007FF64E09F54F]
	(No symbol) [0x00007FF64E0D7242]
	(No symbol) [0x00007FF64E0D1C63]
	(No symbol) [0x00007FF64E0D0D29]
	(No symbol) [0x00007FF64E025A55]
	GetHandleVerifier [0x00007FF64E58D71D+3223453]
	GetHandleVerifier [0x00007FF64E587CC2+3200322]
	GetHandleVerifier [0x00007FF64E5A5AF3+3322739]
	GetHandleVerifier [0x00007FF64E2A6A1A+180890]
	GetHandleVerifier [0x00007FF64E2AE11F+211359]
	(No symbol) [0x00007FF64E024AC8]
	GetHandleVerifier [0x00007FF64E676FC8+4180040]
	BaseThreadInitThunk [0x00007FFC862F7374+20]
	RtlUserThreadStart [0x00007FFC870BCC91+33]

2025-05-27 11:31:55,637 - INFO - Excel status updated: E:/blast/D'vine/D'vine Residence17_report.xlsx
2025-05-27 11:32:01,426 - ERROR - Error sending message to 60193407383: Message: invalid session id
Stacktrace:
	GetHandleVerifier [0x00007FF64E28CF45+75717]
	GetHandleVerifier [0x00007FF64E28CFA0+75808]
	(No symbol) [0x00007FF64E058DCC]
	(No symbol) [0x00007FF64E09F54F]
	(No symbol) [0x00007FF64E0D7242]
	(No symbol) [0x00007FF64E0D1C63]
	(No symbol) [0x00007FF64E0D0D29]
	(No symbol) [0x00007FF64E025A55]
	GetHandleVerifier [0x00007FF64E58D71D+3223453]
	GetHandleVerifier [0x00007FF64E587CC2+3200322]
	GetHandleVerifier [0x00007FF64E5A5AF3+3322739]
	GetHandleVerifier [0x00007FF64E2A6A1A+180890]
	GetHandleVerifier [0x00007FF64E2AE11F+211359]
	(No symbol) [0x00007FF64E024AC8]
	GetHandleVerifier [0x00007FF64E676FC8+4180040]
	BaseThreadInitThunk [0x00007FFC862F7374+20]
	RtlUserThreadStart [0x00007FFC870BCC91+33]

2025-05-27 11:32:01,519 - INFO - Excel status updated: E:/blast/D'vine/D'vine Residence17_report.xlsx
2025-05-27 11:32:08,167 - ERROR - Error sending message to 60124556255: Message: invalid session id
Stacktrace:
	GetHandleVerifier [0x00007FF64E28CF45+75717]
	GetHandleVerifier [0x00007FF64E28CFA0+75808]
	(No symbol) [0x00007FF64E058DCC]
	(No symbol) [0x00007FF64E09F54F]
	(No symbol) [0x00007FF64E0D7242]
	(No symbol) [0x00007FF64E0D1C63]
	(No symbol) [0x00007FF64E0D0D29]
	(No symbol) [0x00007FF64E025A55]
	GetHandleVerifier [0x00007FF64E58D71D+3223453]
	GetHandleVerifier [0x00007FF64E587CC2+3200322]
	GetHandleVerifier [0x00007FF64E5A5AF3+3322739]
	GetHandleVerifier [0x00007FF64E2A6A1A+180890]
	GetHandleVerifier [0x00007FF64E2AE11F+211359]
	(No symbol) [0x00007FF64E024AC8]
	GetHandleVerifier [0x00007FF64E676FC8+4180040]
	BaseThreadInitThunk [0x00007FFC862F7374+20]
	RtlUserThreadStart [0x00007FFC870BCC91+33]

2025-05-27 11:32:08,275 - INFO - Excel status updated: E:/blast/D'vine/D'vine Residence17_report.xlsx
2025-05-27 11:32:13,466 - ERROR - Error sending message to 60162298730: Message: invalid session id
Stacktrace:
	GetHandleVerifier [0x00007FF64E28CF45+75717]
	GetHandleVerifier [0x00007FF64E28CFA0+75808]
	(No symbol) [0x00007FF64E058DCC]
	(No symbol) [0x00007FF64E09F54F]
	(No symbol) [0x00007FF64E0D7242]
	(No symbol) [0x00007FF64E0D1C63]
	(No symbol) [0x00007FF64E0D0D29]
	(No symbol) [0x00007FF64E025A55]
	GetHandleVerifier [0x00007FF64E58D71D+3223453]
	GetHandleVerifier [0x00007FF64E587CC2+3200322]
	GetHandleVerifier [0x00007FF64E5A5AF3+3322739]
	GetHandleVerifier [0x00007FF64E2A6A1A+180890]
	GetHandleVerifier [0x00007FF64E2AE11F+211359]
	(No symbol) [0x00007FF64E024AC8]
	GetHandleVerifier [0x00007FF64E676FC8+4180040]
	BaseThreadInitThunk [0x00007FFC862F7374+20]
	RtlUserThreadStart [0x00007FFC870BCC91+33]

2025-05-27 11:32:13,566 - INFO - Excel status updated: E:/blast/D'vine/D'vine Residence17_report.xlsx
2025-05-27 11:32:19,410 - ERROR - Error sending message to 60162651366: Message: invalid session id
Stacktrace:
	GetHandleVerifier [0x00007FF64E28CF45+75717]
	GetHandleVerifier [0x00007FF64E28CFA0+75808]
	(No symbol) [0x00007FF64E058DCC]
	(No symbol) [0x00007FF64E09F54F]
	(No symbol) [0x00007FF64E0D7242]
	(No symbol) [0x00007FF64E0D1C63]
	(No symbol) [0x00007FF64E0D0D29]
	(No symbol) [0x00007FF64E025A55]
	GetHandleVerifier [0x00007FF64E58D71D+3223453]
	GetHandleVerifier [0x00007FF64E587CC2+3200322]
	GetHandleVerifier [0x00007FF64E5A5AF3+3322739]
	GetHandleVerifier [0x00007FF64E2A6A1A+180890]
	GetHandleVerifier [0x00007FF64E2AE11F+211359]
	(No symbol) [0x00007FF64E024AC8]
	GetHandleVerifier [0x00007FF64E676FC8+4180040]
	BaseThreadInitThunk [0x00007FFC862F7374+20]
	RtlUserThreadStart [0x00007FFC870BCC91+33]

2025-05-27 11:32:19,517 - INFO - Excel status updated: E:/blast/D'vine/D'vine Residence17_report.xlsx
2025-05-27 11:32:25,324 - ERROR - Error sending message to 60122022140: Message: invalid session id
Stacktrace:
	GetHandleVerifier [0x00007FF64E28CF45+75717]
	GetHandleVerifier [0x00007FF64E28CFA0+75808]
	(No symbol) [0x00007FF64E058DCC]
	(No symbol) [0x00007FF64E09F54F]
	(No symbol) [0x00007FF64E0D7242]
	(No symbol) [0x00007FF64E0D1C63]
	(No symbol) [0x00007FF64E0D0D29]
	(No symbol) [0x00007FF64E025A55]
	GetHandleVerifier [0x00007FF64E58D71D+3223453]
	GetHandleVerifier [0x00007FF64E587CC2+3200322]
	GetHandleVerifier [0x00007FF64E5A5AF3+3322739]
	GetHandleVerifier [0x00007FF64E2A6A1A+180890]
	GetHandleVerifier [0x00007FF64E2AE11F+211359]
	(No symbol) [0x00007FF64E024AC8]
	GetHandleVerifier [0x00007FF64E676FC8+4180040]
	BaseThreadInitThunk [0x00007FFC862F7374+20]
	RtlUserThreadStart [0x00007FFC870BCC91+33]

2025-05-27 11:32:25,426 - INFO - Excel status updated: E:/blast/D'vine/D'vine Residence17_report.xlsx
2025-05-27 11:32:31,841 - ERROR - Error sending message to 60197910225: Message: invalid session id
Stacktrace:
	GetHandleVerifier [0x00007FF64E28CF45+75717]
	GetHandleVerifier [0x00007FF64E28CFA0+75808]
	(No symbol) [0x00007FF64E058DCC]
	(No symbol) [0x00007FF64E09F54F]
	(No symbol) [0x00007FF64E0D7242]
	(No symbol) [0x00007FF64E0D1C63]
	(No symbol) [0x00007FF64E0D0D29]
	(No symbol) [0x00007FF64E025A55]
	GetHandleVerifier [0x00007FF64E58D71D+3223453]
	GetHandleVerifier [0x00007FF64E587CC2+3200322]
	GetHandleVerifier [0x00007FF64E5A5AF3+3322739]
	GetHandleVerifier [0x00007FF64E2A6A1A+180890]
	GetHandleVerifier [0x00007FF64E2AE11F+211359]
	(No symbol) [0x00007FF64E024AC8]
	GetHandleVerifier [0x00007FF64E676FC8+4180040]
	BaseThreadInitThunk [0x00007FFC862F7374+20]
	RtlUserThreadStart [0x00007FFC870BCC91+33]

2025-05-27 11:32:32,011 - INFO - Excel status updated: E:/blast/D'vine/D'vine Residence17_report.xlsx; Report generated: E:/blast/D'vine/D'vine Residence17_report.xlsx; Automation completed!
Report generated: E:/blast/D'vine/D'vine Residence17_report.xlsx
Total messages: 18
Successful: 4
Failed: 14
Success rate: 22.2%
Report saved as: E:/blast/D'vine/D'vine Residence17_report.xlsx
2025-05-27 11:32:46,770 - INFO - Checking login status...
2025-05-27 11:33:01,098 - INFO - Already logged in - starting in headless mode
2025-05-27 11:33:13,887 - INFO - Successfully initialized headless mode
2025-05-27 11:33:20,638 - WARNING - Invalid phone number for 601112723005. Skipping.
2025-05-27 11:33:20,764 - INFO - Excel status updated: E:/blast/D'vine/D'vine Residence17_report.xlsx
2025-05-27 11:33:35,738 - WARNING - Invalid phone number for 60109027313. Skipping.
2025-05-27 11:33:35,841 - INFO - Excel status updated: E:/blast/D'vine/D'vine Residence17_report.xlsx
2025-05-27 11:33:53,678 - WARNING - Invalid phone number for 601137099772. Skipping.
2025-05-27 11:33:53,782 - INFO - Excel status updated: E:/blast/D'vine/D'vine Residence17_report.xlsx
2025-05-27 11:34:09,459 - WARNING - Invalid phone number for 60165377530. Skipping.
2025-05-27 11:34:09,571 - INFO - Excel status updated: E:/blast/D'vine/D'vine Residence17_report.xlsx
2025-05-27 11:41:40,685 - INFO - Message sent to 601119343891
2025-05-27 11:41:40,787 - INFO - Excel status updated: E:/blast/D'vine/D'vine Residence17_report.xlsx
2025-05-27 11:49:33,919 - INFO - Message sent to 60183734208
2025-05-27 11:49:34,033 - INFO - Excel status updated: E:/blast/D'vine/D'vine Residence17_report.xlsx
2025-05-27 11:49:57,889 - ERROR - Failed to load chat or detect error for 60132628110: Message: 
Stacktrace:
	GetHandleVerifier [0x00007FF64E28CF45+75717]
	GetHandleVerifier [0x00007FF64E28CFA0+75808]
	(No symbol) [0x00007FF64E058F9A]
	(No symbol) [0x00007FF64E0AF4C6]
	(No symbol) [0x00007FF64E0AF77C]
	(No symbol) [0x00007FF64E102577]
	(No symbol) [0x00007FF64E0D73BF]
	(No symbol) [0x00007FF64E0FF39C]
	(No symbol) [0x00007FF64E0D7153]
	(No symbol) [0x00007FF64E0A0421]
	(No symbol) [0x00007FF64E0A11B3]
	GetHandleVerifier [0x00007FF64E58D71D+3223453]
	GetHandleVerifier [0x00007FF64E587CC2+3200322]
	GetHandleVerifier [0x00007FF64E5A5AF3+3322739]
	GetHandleVerifier [0x00007FF64E2A6A1A+180890]
	GetHandleVerifier [0x00007FF64E2AE11F+211359]
	GetHandleVerifier [0x00007FF64E295294+109332]
	GetHandleVerifier [0x00007FF64E295442+109762]
	GetHandleVerifier [0x00007FF64E27BA59+4825]
	BaseThreadInitThunk [0x00007FFC862F7374+20]
	RtlUserThreadStart [0x00007FFC870BCC91+33]

2025-05-27 11:49:58,219 - INFO - Excel status updated: E:/blast/D'vine/D'vine Residence17_report.xlsx
2025-05-27 11:56:15,929 - INFO - Message sent to 60198125149
2025-05-27 11:56:16,033 - INFO - Excel status updated: E:/blast/D'vine/D'vine Residence17_report.xlsx
2025-05-27 12:04:39,031 - INFO - Message sent to 60193407383
2025-05-27 12:04:39,136 - INFO - Excel status updated: E:/blast/D'vine/D'vine Residence17_report.xlsx
2025-05-27 12:12:38,783 - INFO - Message sent to 60124556255
2025-05-27 12:12:38,880 - INFO - Excel status updated: E:/blast/D'vine/D'vine Residence17_report.xlsx
2025-05-27 12:19:51,810 - INFO - Message sent to 60162298730
2025-05-27 12:19:51,908 - INFO - Excel status updated: E:/blast/D'vine/D'vine Residence17_report.xlsx
2025-05-27 12:27:08,812 - INFO - Message sent to 60162651366
2025-05-27 12:27:08,933 - INFO - Excel status updated: E:/blast/D'vine/D'vine Residence17_report.xlsx
2025-05-27 12:33:54,839 - INFO - Message sent to 60122022140
2025-05-27 12:33:54,939 - INFO - Excel status updated: E:/blast/D'vine/D'vine Residence17_report.xlsx
2025-05-27 12:41:12,241 - INFO - Message sent to 60197910225
2025-05-27 12:41:12,588 - INFO - Excel status updated: E:/blast/D'vine/D'vine Residence17_report.xlsx; Report generated: E:/blast/D'vine/D'vine Residence17_report.xlsx; Automation completed!
Report generated: E:/blast/D'vine/D'vine Residence17_report.xlsx
Total messages: 18
Successful: 13
Failed: 5
Success rate: 72.2%
Report saved as: E:/blast/D'vine/D'vine Residence17_report.xlsx
2025-05-27 12:44:34,159 - INFO - Checking login status...
2025-05-27 12:44:47,570 - INFO - Already logged in - starting in headless mode
2025-05-27 12:45:01,091 - INFO - Successfully initialized headless mode
2025-05-27 12:45:09,980 - WARNING - Invalid phone number for 601112723005. Skipping.
2025-05-27 12:45:10,102 - INFO - Excel status updated: E:/blast/D'vine/D'vine Residence17_report.xlsx
2025-05-27 12:45:26,182 - WARNING - Invalid phone number for 60109027313. Skipping.
2025-05-27 12:45:26,285 - INFO - Excel status updated: E:/blast/D'vine/D'vine Residence17_report.xlsx
2025-05-27 12:45:40,530 - WARNING - Invalid phone number for 601137099772. Skipping.
2025-05-27 12:45:40,637 - INFO - Excel status updated: E:/blast/D'vine/D'vine Residence17_report.xlsx
2025-05-27 12:45:57,433 - WARNING - Invalid phone number for 60165377530. Skipping.
2025-05-27 12:45:57,565 - INFO - Excel status updated: E:/blast/D'vine/D'vine Residence17_report.xlsx
2025-05-27 12:54:21,725 - INFO - Message sent to 60132628110
2025-05-27 12:54:21,956 - INFO - Excel status updated: E:/blast/D'vine/D'vine Residence17_report.xlsx; Report generated: E:/blast/D'vine/D'vine Residence17_report.xlsx; Automation completed!
Report generated: E:/blast/D'vine/D'vine Residence17_report.xlsx
Total messages: 18
Successful: 14
Failed: 4
Success rate: 77.8%
Report saved as: E:/blast/D'vine/D'vine Residence17_report.xlsx
2025-05-27 13:04:05,580 - INFO - Checking login status...
2025-05-27 13:04:16,998 - INFO - Already logged in - starting in headless mode
2025-05-27 13:04:29,583 - INFO - Successfully initialized headless mode
2025-05-27 13:09:57,929 - INFO - Message sent to 60163309130
2025-05-27 13:09:58,033 - INFO - Excel status updated: E:/blast/D'vine/D'vine Residence8_report.xlsx
2025-05-27 13:17:05,978 - INFO - Message sent to 601121138984
2025-05-27 13:17:06,234 - INFO - Excel status updated: E:/blast/D'vine/D'vine Residence8_report.xlsx
2025-05-27 13:25:41,067 - INFO - Message sent to 60176259877
2025-05-27 13:25:41,378 - INFO - Excel status updated: E:/blast/D'vine/D'vine Residence8_report.xlsx
2025-05-27 13:25:57,109 - WARNING - Invalid phone number for 60172910142. Skipping.
2025-05-27 13:25:57,279 - INFO - Excel status updated: E:/blast/D'vine/D'vine Residence8_report.xlsx
2025-05-27 13:32:41,574 - INFO - Message sent to 60175270200
2025-05-27 13:32:41,675 - INFO - Excel status updated: E:/blast/D'vine/D'vine Residence8_report.xlsx
2025-05-27 13:38:17,441 - INFO - Message sent to 60197523722
2025-05-27 13:38:17,540 - INFO - Excel status updated: E:/blast/D'vine/D'vine Residence8_report.xlsx
2025-05-27 13:38:40,229 - ERROR - Failed to load chat or detect error for 601121274140: Message: 
Stacktrace:
	GetHandleVerifier [0x00007FF64E28CF45+75717]
	GetHandleVerifier [0x00007FF64E28CFA0+75808]
	(No symbol) [0x00007FF64E058F9A]
	(No symbol) [0x00007FF64E0AF4C6]
	(No symbol) [0x00007FF64E0AF77C]
	(No symbol) [0x00007FF64E102577]
	(No symbol) [0x00007FF64E0D73BF]
	(No symbol) [0x00007FF64E0FF39C]
	(No symbol) [0x00007FF64E0D7153]
	(No symbol) [0x00007FF64E0A0421]
	(No symbol) [0x00007FF64E0A11B3]
	GetHandleVerifier [0x00007FF64E58D71D+3223453]
	GetHandleVerifier [0x00007FF64E587CC2+3200322]
	GetHandleVerifier [0x00007FF64E5A5AF3+3322739]
	GetHandleVerifier [0x00007FF64E2A6A1A+180890]
	GetHandleVerifier [0x00007FF64E2AE11F+211359]
	GetHandleVerifier [0x00007FF64E295294+109332]
	GetHandleVerifier [0x00007FF64E295442+109762]
	GetHandleVerifier [0x00007FF64E27BA59+4825]
	BaseThreadInitThunk [0x00007FFC862F7374+20]
	RtlUserThreadStart [0x00007FFC870BCC91+33]

2025-05-27 13:38:40,362 - INFO - Excel status updated: E:/blast/D'vine/D'vine Residence8_report.xlsx
2025-05-27 13:45:51,926 - INFO - Message sent to 60123363230
2025-05-27 13:45:52,198 - INFO - Excel status updated: E:/blast/D'vine/D'vine Residence8_report.xlsx
2025-05-27 13:52:13,314 - INFO - Message sent to 60178725705
2025-05-27 13:52:13,415 - INFO - Excel status updated: E:/blast/D'vine/D'vine Residence8_report.xlsx
2025-05-27 14:00:36,692 - INFO - Message sent to 60193085396
2025-05-27 14:00:36,960 - INFO - Excel status updated: E:/blast/D'vine/D'vine Residence8_report.xlsx
2025-05-27 14:07:01,333 - INFO - Message sent to 60103766210
2025-05-27 14:07:01,596 - INFO - Excel status updated: E:/blast/D'vine/D'vine Residence8_report.xlsx
2025-05-27 14:13:02,750 - INFO - Message sent to 60122764321
2025-05-27 14:13:02,853 - INFO - Excel status updated: E:/blast/D'vine/D'vine Residence8_report.xlsx
2025-05-27 14:19:00,228 - INFO - Message sent to 60165262631
2025-05-27 14:19:00,327 - INFO - Excel status updated: E:/blast/D'vine/D'vine Residence8_report.xlsx
2025-05-27 14:25:59,497 - INFO - Message sent to 601110859153
2025-05-27 14:25:59,762 - INFO - Excel status updated: E:/blast/D'vine/D'vine Residence8_report.xlsx
2025-05-27 14:32:33,903 - INFO - Message sent to 60176916856
2025-05-27 14:32:34,169 - INFO - Excel status updated: E:/blast/D'vine/D'vine Residence8_report.xlsx
2025-05-27 14:40:55,091 - INFO - Message sent to 60122096883
2025-05-27 14:40:55,195 - INFO - Excel status updated: E:/blast/D'vine/D'vine Residence8_report.xlsx
2025-05-27 14:47:26,649 - INFO - Message sent to 601110069204
2025-05-27 14:47:26,912 - INFO - Excel status updated: E:/blast/D'vine/D'vine Residence8_report.xlsx
2025-05-27 14:56:03,609 - INFO - Message sent to 60124012536
2025-05-27 14:56:03,889 - INFO - Excel status updated: E:/blast/D'vine/D'vine Residence8_report.xlsx
2025-05-27 15:04:22,817 - INFO - Message sent to 60128998049
2025-05-27 15:04:23,482 - INFO - Excel status updated: E:/blast/D'vine/D'vine Residence8_report.xlsx
2025-05-27 15:10:52,890 - INFO - Message sent to 60129601212
2025-05-27 15:10:53,177 - INFO - Excel status updated: E:/blast/D'vine/D'vine Residence8_report.xlsx
2025-05-27 15:19:31,503 - INFO - Message sent to 601131693403
2025-05-27 15:19:31,767 - INFO - Excel status updated: E:/blast/D'vine/D'vine Residence8_report.xlsx
2025-05-27 15:24:54,032 - INFO - Message sent to 60173492786
2025-05-27 15:24:54,150 - INFO - Excel status updated: E:/blast/D'vine/D'vine Residence8_report.xlsx
2025-05-27 15:32:04,873 - INFO - Message sent to 60127202359
2025-05-27 15:32:05,146 - INFO - Excel status updated: E:/blast/D'vine/D'vine Residence8_report.xlsx
2025-05-27 15:37:23,395 - INFO - Message sent to 60175805332
2025-05-27 15:37:23,569 - INFO - Excel status updated: E:/blast/D'vine/D'vine Residence8_report.xlsx
2025-05-27 15:43:29,202 - INFO - Message sent to 60175942968
2025-05-27 15:43:29,305 - INFO - Excel status updated: E:/blast/D'vine/D'vine Residence8_report.xlsx
2025-05-27 15:49:40,050 - INFO - Message sent to 60147161105
2025-05-27 15:49:40,209 - INFO - Excel status updated: E:/blast/D'vine/D'vine Residence8_report.xlsx
2025-05-27 15:56:16,174 - INFO - Message sent to 60165171959
2025-05-27 15:56:16,433 - INFO - Excel status updated: E:/blast/D'vine/D'vine Residence8_report.xlsx
2025-05-27 16:01:51,854 - INFO - Message sent to 601114701615
2025-05-27 16:01:51,957 - INFO - Excel status updated: E:/blast/D'vine/D'vine Residence8_report.xlsx
2025-05-27 16:09:17,578 - INFO - Message sent to 60193383926
2025-05-27 16:09:17,782 - INFO - Excel status updated: E:/blast/D'vine/D'vine Residence8_report.xlsx; Report generated: E:/blast/D'vine/D'vine Residence8_report.xlsx; Automation completed!
Report generated: E:/blast/D'vine/D'vine Residence8_report.xlsx
Total messages: 29
Successful: 27
Failed: 2
Success rate: 93.1%
Report saved as: E:/blast/D'vine/D'vine Residence8_report.xlsx
2025-05-27 16:10:28,879 - INFO - Checking login status...
2025-05-27 16:10:45,137 - INFO - Already logged in - starting in headless mode
2025-05-27 16:10:53,361 - INFO - Successfully initialized headless mode
2025-05-27 16:11:02,620 - WARNING - Invalid phone number for 60172910142. Skipping.
2025-05-27 16:11:02,725 - INFO - Excel status updated: E:/blast/D'vine/D'vine Residence8_report.xlsx
2025-05-27 16:16:57,025 - INFO - Message sent to 601121274140
2025-05-27 16:16:57,206 - INFO - Excel status updated: E:/blast/D'vine/D'vine Residence8_report.xlsx; Report generated: E:/blast/D'vine/D'vine Residence8_report.xlsx; Automation completed!
Report generated: E:/blast/D'vine/D'vine Residence8_report.xlsx
Total messages: 29
Successful: 28
Failed: 1
Success rate: 96.6%
Report saved as: E:/blast/D'vine/D'vine Residence8_report.xlsx
2025-05-27 16:22:44,895 - INFO - Checking login status...
2025-05-27 16:22:55,778 - INFO - Already logged in - starting in headless mode
2025-05-27 16:23:07,387 - INFO - Successfully initialized headless mode
2025-05-27 16:29:16,545 - INFO - Message sent to 60104001808
2025-05-27 16:29:16,636 - INFO - Excel status updated: E:/blast/D'vine/D'vine Residence21_report.xlsx
2025-05-27 16:34:37,526 - INFO - Message sent to 60127426353
2025-05-27 16:34:37,627 - INFO - Excel status updated: E:/blast/D'vine/D'vine Residence21_report.xlsx
2025-05-27 16:41:56,185 - INFO - Message sent to 60174203825
2025-05-27 16:41:56,194 - ERROR - Error updating status tracking: [Errno 13] Permission denied: "E:/blast/D'vine/D'vine Residence21_report.xlsx"
2025-05-27 16:47:19,849 - INFO - Message sent to 60173101722
2025-05-27 16:47:19,949 - INFO - Excel status updated: E:/blast/D'vine/D'vine Residence21_report.xlsx
2025-05-27 16:53:55,604 - INFO - Message sent to 60126143140
2025-05-27 16:53:55,864 - INFO - Excel status updated: E:/blast/D'vine/D'vine Residence21_report.xlsx
2025-05-27 17:00:12,245 - INFO - Message sent to 60132274892
2025-05-27 17:00:12,387 - INFO - Excel status updated: E:/blast/D'vine/D'vine Residence21_report.xlsx
2025-05-27 17:07:07,846 - INFO - Message sent to 60164501523
2025-05-27 17:07:08,112 - INFO - Excel status updated: E:/blast/D'vine/D'vine Residence21_report.xlsx
2025-05-27 17:07:49,819 - ERROR - Failed to load chat or detect error for 60176856818: main thread is not in main loop
2025-05-27 17:07:50,992 - ERROR - Error in process_numbers: main thread is not in main loop
2025-05-27 17:07:53,819 - ERROR - Error in automation: main thread is not in main loop
2025-05-28 08:37:40,931 - INFO - Checking login status...
2025-05-28 08:38:04,654 - INFO - Already logged in - starting in headless mode
2025-05-28 08:38:24,713 - INFO - Successfully initialized headless mode
2025-05-28 08:45:05,025 - INFO - Message sent to 60176856818
2025-05-28 08:45:05,285 - INFO - Excel status updated: E:/blast/D'vine/D'vine Residence21_report.xlsx
2025-05-28 08:52:22,010 - INFO - Message sent to 60165040892
2025-05-28 08:52:22,266 - INFO - Excel status updated: E:/blast/D'vine/D'vine Residence21_report.xlsx
2025-05-28 08:58:00,785 - INFO - Message sent to 601112391890
2025-05-28 08:58:00,885 - INFO - Excel status updated: E:/blast/D'vine/D'vine Residence21_report.xlsx
2025-05-28 09:05:49,669 - INFO - Message sent to 60138806552
2025-05-28 09:05:49,768 - INFO - Excel status updated: E:/blast/D'vine/D'vine Residence21_report.xlsx
2025-05-28 09:12:32,838 - INFO - Message sent to 60143477409
2025-05-28 09:12:33,103 - INFO - Excel status updated: E:/blast/D'vine/D'vine Residence21_report.xlsx
2025-05-28 09:19:58,267 - INFO - Message sent to 60179074529
2025-05-28 09:19:58,370 - INFO - Excel status updated: E:/blast/D'vine/D'vine Residence21_report.xlsx
2025-05-28 09:26:51,235 - INFO - Message sent to 60165538300
2025-05-28 09:26:51,502 - INFO - Excel status updated: E:/blast/D'vine/D'vine Residence21_report.xlsx
2025-05-28 09:33:19,408 - INFO - Message sent to 601131690059
2025-05-28 09:33:19,675 - INFO - Excel status updated: E:/blast/D'vine/D'vine Residence21_report.xlsx
2025-05-28 09:39:28,629 - INFO - Message sent to 60169178111
2025-05-28 09:39:28,751 - INFO - Excel status updated: E:/blast/D'vine/D'vine Residence21_report.xlsx
2025-05-28 09:47:21,461 - INFO - Message sent to 60192182259
2025-05-28 09:47:21,722 - INFO - Excel status updated: E:/blast/D'vine/D'vine Residence21_report.xlsx
2025-05-28 09:54:22,862 - INFO - Message sent to 60146806543
2025-05-28 09:54:23,186 - INFO - Excel status updated: E:/blast/D'vine/D'vine Residence21_report.xlsx
2025-05-28 10:00:25,270 - INFO - Message sent to 60126693618
2025-05-28 10:00:25,388 - INFO - Excel status updated: E:/blast/D'vine/D'vine Residence21_report.xlsx
2025-05-28 10:08:11,308 - INFO - Message sent to 60133663270
2025-05-28 10:08:11,570 - INFO - Excel status updated: E:/blast/D'vine/D'vine Residence21_report.xlsx
2025-05-28 10:13:39,003 - INFO - Message sent to 60196526639
2025-05-28 10:13:39,128 - INFO - Excel status updated: E:/blast/D'vine/D'vine Residence21_report.xlsx
2025-05-28 10:21:39,984 - INFO - Message sent to 60168597208
2025-05-28 10:21:40,265 - INFO - Excel status updated: E:/blast/D'vine/D'vine Residence21_report.xlsx
2025-05-28 10:28:04,259 - INFO - Message sent to 60193717034
2025-05-28 10:28:04,518 - INFO - Excel status updated: E:/blast/D'vine/D'vine Residence21_report.xlsx
2025-05-28 10:35:30,558 - INFO - Message sent to 60126444178
2025-05-28 10:35:30,819 - INFO - Excel status updated: E:/blast/D'vine/D'vine Residence21_report.xlsx
2025-05-28 10:43:26,966 - INFO - Message sent to 60173283665
2025-05-28 10:43:27,264 - INFO - Excel status updated: E:/blast/D'vine/D'vine Residence21_report.xlsx
2025-05-28 10:51:59,558 - INFO - Message sent to 60122527255
2025-05-28 10:51:59,812 - INFO - Excel status updated: E:/blast/D'vine/D'vine Residence21_report.xlsx
2025-05-28 10:52:15,246 - WARNING - Invalid phone number for 60107890366. Skipping.
2025-05-28 10:52:15,364 - INFO - Excel status updated: E:/blast/D'vine/D'vine Residence21_report.xlsx
2025-05-28 10:58:58,597 - INFO - Message sent to 60145659539
2025-05-28 10:58:58,865 - INFO - Excel status updated: E:/blast/D'vine/D'vine Residence21_report.xlsx
2025-05-28 10:59:19,784 - ERROR - Failed to load chat or detect error for 60138064219: Message: 
Stacktrace:
	GetHandleVerifier [0x00007FF68426CF45+75717]
	GetHandleVerifier [0x00007FF68426CFA0+75808]
	(No symbol) [0x00007FF684038F9A]
	(No symbol) [0x00007FF68408F4C6]
	(No symbol) [0x00007FF68408F77C]
	(No symbol) [0x00007FF6840E2577]
	(No symbol) [0x00007FF6840B73BF]
	(No symbol) [0x00007FF6840DF39C]
	(No symbol) [0x00007FF6840B7153]
	(No symbol) [0x00007FF684080421]
	(No symbol) [0x00007FF6840811B3]
	GetHandleVerifier [0x00007FF68456D71D+3223453]
	GetHandleVerifier [0x00007FF684567CC2+3200322]
	GetHandleVerifier [0x00007FF684585AF3+3322739]
	GetHandleVerifier [0x00007FF684286A1A+180890]
	GetHandleVerifier [0x00007FF68428E11F+211359]
	GetHandleVerifier [0x00007FF684275294+109332]
	GetHandleVerifier [0x00007FF684275442+109762]
	GetHandleVerifier [0x00007FF68425BA59+4825]
	BaseThreadInitThunk [0x00007FFC862F7374+20]
	RtlUserThreadStart [0x00007FFC870BCC91+33]

2025-05-28 10:59:20,593 - INFO - Excel status updated: E:/blast/D'vine/D'vine Residence21_report.xlsx; Report generated: E:/blast/D'vine/D'vine Residence21_report.xlsx; Automation completed!
Report generated: E:/blast/D'vine/D'vine Residence21_report.xlsx
Total messages: 22
Successful: 20
Failed: 2
Success rate: 90.9%
Report saved as: E:/blast/D'vine/D'vine Residence21_report.xlsx
2025-05-28 11:25:54,230 - INFO - Checking login status...
2025-05-28 11:26:07,299 - INFO - Already logged in - starting in headless mode
2025-05-28 11:26:18,660 - INFO - Successfully initialized headless mode
2025-05-28 11:26:27,450 - WARNING - Invalid phone number for 60107890366. Skipping.
2025-05-28 11:26:27,576 - INFO - Excel status updated: E:/blast/D'vine/D'vine Residence21_report.xlsx
2025-05-28 11:31:53,465 - INFO - Message sent to 60138064219
2025-05-28 11:31:53,636 - INFO - Excel status updated: E:/blast/D'vine/D'vine Residence21_report.xlsx; Report generated: E:/blast/D'vine/D'vine Residence21_report.xlsx; Automation completed!
Report generated: E:/blast/D'vine/D'vine Residence21_report.xlsx
Total messages: 22
Successful: 21
Failed: 1
Success rate: 95.5%
Report saved as: E:/blast/D'vine/D'vine Residence21_report.xlsx
2025-05-28 11:37:54,962 - INFO - Checking login status...
2025-05-28 11:38:05,899 - INFO - Already logged in - starting in headless mode
2025-05-28 11:38:17,230 - INFO - Successfully initialized headless mode
2025-05-28 11:49:48,389 - INFO - Message sent to 60174130955
2025-05-28 11:49:48,624 - INFO - Excel status updated: E:/blast/D'vine/D'vine Residence51_report.xlsx
2025-05-28 12:01:21,197 - INFO - Message sent to 60126616704
2025-05-28 12:01:21,454 - INFO - Excel status updated: E:/blast/D'vine/D'vine Residence51_report.xlsx
2025-05-28 12:11:51,194 - INFO - Message sent to 60109016454
2025-05-28 12:11:51,293 - INFO - Excel status updated: E:/blast/D'vine/D'vine Residence51_report.xlsx
2025-05-28 12:20:39,755 - INFO - Message sent to 60127961702
2025-05-28 12:20:40,008 - INFO - Excel status updated: E:/blast/D'vine/D'vine Residence51_report.xlsx
2025-05-28 12:31:54,049 - INFO - Message sent to 60165753110
2025-05-28 12:31:54,316 - INFO - Excel status updated: E:/blast/D'vine/D'vine Residence51_report.xlsx
2025-05-28 12:38:55,471 - INFO - Message sent to 60192245865
2025-05-28 12:38:55,725 - INFO - Excel status updated: E:/blast/D'vine/D'vine Residence51_report.xlsx
2025-05-28 12:49:56,500 - INFO - Message sent to 60145687464
2025-05-28 12:49:56,771 - INFO - Excel status updated: E:/blast/D'vine/D'vine Residence51_report.xlsx
2025-05-28 12:58:52,047 - INFO - Message sent to 601116465448
2025-05-28 12:58:52,318 - INFO - Excel status updated: E:/blast/D'vine/D'vine Residence51_report.xlsx
2025-05-28 13:10:30,294 - INFO - Message sent to 60122531815
2025-05-28 13:10:30,558 - INFO - Excel status updated: E:/blast/D'vine/D'vine Residence51_report.xlsx
2025-05-28 13:22:08,752 - INFO - Message sent to 60122547804
2025-05-28 13:22:09,012 - INFO - Excel status updated: E:/blast/D'vine/D'vine Residence51_report.xlsx
2025-05-28 13:29:27,998 - INFO - Message sent to 60132206896
2025-05-28 13:29:28,256 - INFO - Excel status updated: E:/blast/D'vine/D'vine Residence51_report.xlsx
2025-05-28 13:39:05,949 - INFO - Message sent to 60193472915
2025-05-28 13:39:06,214 - INFO - Excel status updated: E:/blast/D'vine/D'vine Residence51_report.xlsx
2025-05-28 13:48:23,057 - INFO - Message sent to 60125544958
2025-05-28 13:48:23,413 - INFO - Excel status updated: E:/blast/D'vine/D'vine Residence51_report.xlsx
2025-05-28 13:48:39,432 - WARNING - Invalid phone number for 60122143505. Skipping.
2025-05-28 13:48:39,574 - INFO - Excel status updated: E:/blast/D'vine/D'vine Residence51_report.xlsx
2025-05-28 13:59:53,876 - INFO - Message sent to 60126989802
2025-05-28 13:59:54,256 - INFO - Excel status updated: E:/blast/D'vine/D'vine Residence51_report.xlsx
2025-05-28 14:00:06,773 - WARNING - Invalid phone number for 60123501868. Skipping.
2025-05-28 14:00:06,884 - INFO - Excel status updated: E:/blast/D'vine/D'vine Residence51_report.xlsx
2025-05-28 14:09:33,927 - INFO - Message sent to 60146460178
2025-05-28 14:09:34,190 - INFO - Excel status updated: E:/blast/D'vine/D'vine Residence51_report.xlsx
2025-05-28 14:09:48,172 - WARNING - Invalid phone number for 60108928666. Skipping.
2025-05-28 14:09:48,273 - INFO - Excel status updated: E:/blast/D'vine/D'vine Residence51_report.xlsx
2025-05-28 14:20:21,762 - INFO - Message sent to 60102387748
2025-05-28 14:20:22,029 - INFO - Excel status updated: E:/blast/D'vine/D'vine Residence51_report.xlsx
2025-05-28 14:26:37,548 - INFO - Message sent to 601162059489
2025-05-28 14:26:37,656 - INFO - Excel status updated: E:/blast/D'vine/D'vine Residence51_report.xlsx
2025-05-28 14:36:30,808 - INFO - Message sent to 601169769655
2025-05-28 14:36:30,908 - INFO - Excel status updated: E:/blast/D'vine/D'vine Residence51_report.xlsx
2025-05-28 14:47:45,029 - INFO - Message sent to 60145424635
2025-05-28 14:47:45,301 - INFO - Excel status updated: E:/blast/D'vine/D'vine Residence51_report.xlsx
2025-05-28 14:54:59,012 - INFO - Message sent to 60127335213
2025-05-28 14:54:59,281 - INFO - Excel status updated: E:/blast/D'vine/D'vine Residence51_report.xlsx
2025-05-28 15:03:06,237 - INFO - Message sent to 60143653483
2025-05-28 15:03:06,528 - INFO - Excel status updated: E:/blast/D'vine/D'vine Residence51_report.xlsx
2025-05-28 15:11:52,926 - INFO - Message sent to 60138888182
2025-05-28 15:11:53,184 - INFO - Excel status updated: E:/blast/D'vine/D'vine Residence51_report.xlsx
2025-05-28 15:18:53,023 - INFO - Message sent to 60138809230
2025-05-28 15:18:53,283 - INFO - Excel status updated: E:/blast/D'vine/D'vine Residence51_report.xlsx
2025-05-28 15:28:18,376 - INFO - Message sent to 60124425681
2025-05-28 15:28:18,634 - INFO - Excel status updated: E:/blast/D'vine/D'vine Residence51_report.xlsx
2025-05-28 15:35:24,650 - INFO - Message sent to 60197912246
2025-05-28 15:35:25,021 - INFO - Excel status updated: E:/blast/D'vine/D'vine Residence51_report.xlsx; Report generated: E:/blast/D'vine/D'vine Residence51_report.xlsx; Automation completed!
Report generated: E:/blast/D'vine/D'vine Residence51_report.xlsx
Total messages: 28
Successful: 25
Failed: 3
Success rate: 89.3%
Report saved as: E:/blast/D'vine/D'vine Residence51_report.xlsx
2025-05-29 09:28:23,006 - INFO - Checking login status...
2025-05-29 09:28:41,235 - INFO - Already logged in - starting in headless mode
2025-05-29 09:28:59,787 - INFO - Successfully initialized headless mode
2025-05-29 09:36:10,771 - INFO - Message sent to 60109056433
2025-05-29 09:36:11,045 - INFO - Excel status updated: E:/blast/D'vine/D'vine Residence25_report.xlsx
2025-05-29 09:44:12,637 - INFO - Message sent to 60132238079
2025-05-29 09:44:12,902 - INFO - Excel status updated: E:/blast/D'vine/D'vine Residence25_report.xlsx
2025-05-29 09:50:30,067 - INFO - Message sent to 60129815982
2025-05-29 09:50:30,164 - INFO - Excel status updated: E:/blast/D'vine/D'vine Residence25_report.xlsx
2025-05-29 09:57:30,478 - INFO - Message sent to 60123366386
2025-05-29 09:57:30,734 - INFO - Excel status updated: E:/blast/D'vine/D'vine Residence25_report.xlsx
2025-05-29 10:05:02,312 - INFO - Message sent to 60165547756
2025-05-29 10:05:02,589 - INFO - Excel status updated: E:/blast/D'vine/D'vine Residence25_report.xlsx
2025-05-29 10:11:45,053 - INFO - Message sent to 60126296258
2025-05-29 10:11:45,156 - INFO - Excel status updated: E:/blast/D'vine/D'vine Residence25_report.xlsx
2025-05-29 10:19:04,688 - INFO - Message sent to 60128523540
2025-05-29 10:19:04,943 - INFO - Excel status updated: E:/blast/D'vine/D'vine Residence25_report.xlsx
2025-05-29 10:25:31,225 - INFO - Message sent to 60182290302
2025-05-29 10:25:31,326 - INFO - Excel status updated: E:/blast/D'vine/D'vine Residence25_report.xlsx
2025-05-29 10:33:44,084 - INFO - Message sent to 60126408496
2025-05-29 10:33:44,340 - INFO - Excel status updated: E:/blast/D'vine/D'vine Residence25_report.xlsx
2025-05-29 10:40:01,867 - INFO - Message sent to 60167636526
2025-05-29 10:40:02,143 - INFO - Excel status updated: E:/blast/D'vine/D'vine Residence25_report.xlsx
2025-05-29 10:45:35,892 - INFO - Message sent to 601162146027
2025-05-29 10:45:35,999 - INFO - Excel status updated: E:/blast/D'vine/D'vine Residence25_report.xlsx
2025-05-29 10:51:10,237 - INFO - Message sent to 60166943791
2025-05-29 10:51:10,339 - INFO - Excel status updated: E:/blast/D'vine/D'vine Residence25_report.xlsx
2025-05-29 10:59:22,486 - INFO - Message sent to 60192899410
2025-05-29 10:59:22,751 - INFO - Excel status updated: E:/blast/D'vine/D'vine Residence25_report.xlsx
2025-05-29 11:05:35,433 - INFO - Message sent to 60104233076
2025-05-29 11:05:35,545 - INFO - Excel status updated: E:/blast/D'vine/D'vine Residence25_report.xlsx
2025-05-29 11:13:12,217 - INFO - Message sent to 60125963437
2025-05-29 11:13:12,727 - INFO - Excel status updated: E:/blast/D'vine/D'vine Residence25_report.xlsx
2025-05-29 11:21:40,254 - INFO - Message sent to 60122000410
2025-05-29 11:21:40,558 - INFO - Excel status updated: E:/blast/D'vine/D'vine Residence25_report.xlsx
2025-05-29 11:21:55,092 - WARNING - Invalid phone number for 60128438269. Skipping.
2025-05-29 11:21:55,231 - INFO - Excel status updated: E:/blast/D'vine/D'vine Residence25_report.xlsx
2025-05-29 12:53:56,760 - ERROR - Failed to load chat or detect error for 60145002064: Message: invalid session id: session deleted as the browser has closed the connection
from disconnected: not connected to DevTools
  (Session info: chrome=136.0.7103.116)
Stacktrace:
	GetHandleVerifier [0x00007FF691C7CF45+75717]
	GetHandleVerifier [0x00007FF691C7CFA0+75808]
	(No symbol) [0x00007FF691A48F9A]
	(No symbol) [0x00007FF691A34E35]
	(No symbol) [0x00007FF691A59DB4]
	(No symbol) [0x00007FF691ACEE75]
	(No symbol) [0x00007FF691AEECC2]
	(No symbol) [0x00007FF691AC7153]
	(No symbol) [0x00007FF691A90421]
	(No symbol) [0x00007FF691A911B3]
	GetHandleVerifier [0x00007FF691F7D71D+3223453]
	GetHandleVerifier [0x00007FF691F77CC2+3200322]
	GetHandleVerifier [0x00007FF691F95AF3+3322739]
	GetHandleVerifier [0x00007FF691C96A1A+180890]
	GetHandleVerifier [0x00007FF691C9E11F+211359]
	GetHandleVerifier [0x00007FF691C85294+109332]
	GetHandleVerifier [0x00007FF691C85442+109762]
	GetHandleVerifier [0x00007FF691C6BA59+4825]
	BaseThreadInitThunk [0x00007FFC862F7374+20]
	RtlUserThreadStart [0x00007FFC870BCC91+33]

2025-05-29 12:53:59,145 - INFO - Excel status updated: E:/blast/D'vine/D'vine Residence25_report.xlsx
2025-05-29 12:54:04,277 - ERROR - Error sending message to 60182297088: Message: invalid session id
Stacktrace:
	GetHandleVerifier [0x00007FF691C7CF45+75717]
	GetHandleVerifier [0x00007FF691C7CFA0+75808]
	(No symbol) [0x00007FF691A48DCC]
	(No symbol) [0x00007FF691A8F54F]
	(No symbol) [0x00007FF691AC7242]
	(No symbol) [0x00007FF691AC1C63]
	(No symbol) [0x00007FF691AC0D29]
	(No symbol) [0x00007FF691A15A55]
	GetHandleVerifier [0x00007FF691F7D71D+3223453]
	GetHandleVerifier [0x00007FF691F77CC2+3200322]
	GetHandleVerifier [0x00007FF691F95AF3+3322739]
	GetHandleVerifier [0x00007FF691C96A1A+180890]
	GetHandleVerifier [0x00007FF691C9E11F+211359]
	(No symbol) [0x00007FF691A14AC8]
	GetHandleVerifier [0x00007FF692066FC8+4180040]
	BaseThreadInitThunk [0x00007FFC862F7374+20]
	RtlUserThreadStart [0x00007FFC870BCC91+33]

2025-05-29 12:54:04,381 - INFO - Excel status updated: E:/blast/D'vine/D'vine Residence25_report.xlsx
2025-05-29 12:54:11,717 - ERROR - Error sending message to 60169001489: Message: invalid session id
Stacktrace:
	GetHandleVerifier [0x00007FF691C7CF45+75717]
	GetHandleVerifier [0x00007FF691C7CFA0+75808]
	(No symbol) [0x00007FF691A48DCC]
	(No symbol) [0x00007FF691A8F54F]
	(No symbol) [0x00007FF691AC7242]
	(No symbol) [0x00007FF691AC1C63]
	(No symbol) [0x00007FF691AC0D29]
	(No symbol) [0x00007FF691A15A55]
	GetHandleVerifier [0x00007FF691F7D71D+3223453]
	GetHandleVerifier [0x00007FF691F77CC2+3200322]
	GetHandleVerifier [0x00007FF691F95AF3+3322739]
	GetHandleVerifier [0x00007FF691C96A1A+180890]
	GetHandleVerifier [0x00007FF691C9E11F+211359]
	(No symbol) [0x00007FF691A14AC8]
	GetHandleVerifier [0x00007FF692066FC8+4180040]
	BaseThreadInitThunk [0x00007FFC862F7374+20]
	RtlUserThreadStart [0x00007FFC870BCC91+33]

2025-05-29 12:54:12,070 - INFO - Excel status updated: E:/blast/D'vine/D'vine Residence25_report.xlsx
2025-05-29 12:54:19,044 - ERROR - Error sending message to 60173976458: Message: invalid session id
Stacktrace:
	GetHandleVerifier [0x00007FF691C7CF45+75717]
	GetHandleVerifier [0x00007FF691C7CFA0+75808]
	(No symbol) [0x00007FF691A48DCC]
	(No symbol) [0x00007FF691A8F54F]
	(No symbol) [0x00007FF691AC7242]
	(No symbol) [0x00007FF691AC1C63]
	(No symbol) [0x00007FF691AC0D29]
	(No symbol) [0x00007FF691A15A55]
	GetHandleVerifier [0x00007FF691F7D71D+3223453]
	GetHandleVerifier [0x00007FF691F77CC2+3200322]
	GetHandleVerifier [0x00007FF691F95AF3+3322739]
	GetHandleVerifier [0x00007FF691C96A1A+180890]
	GetHandleVerifier [0x00007FF691C9E11F+211359]
	(No symbol) [0x00007FF691A14AC8]
	GetHandleVerifier [0x00007FF692066FC8+4180040]
	BaseThreadInitThunk [0x00007FFC862F7374+20]
	RtlUserThreadStart [0x00007FFC870BCC91+33]

2025-05-29 12:54:19,156 - INFO - Excel status updated: E:/blast/D'vine/D'vine Residence25_report.xlsx
2025-05-29 12:54:25,403 - ERROR - Error sending message to 60192222038: Message: invalid session id
Stacktrace:
	GetHandleVerifier [0x00007FF691C7CF45+75717]
	GetHandleVerifier [0x00007FF691C7CFA0+75808]
	(No symbol) [0x00007FF691A48DCC]
	(No symbol) [0x00007FF691A8F54F]
	(No symbol) [0x00007FF691AC7242]
	(No symbol) [0x00007FF691AC1C63]
	(No symbol) [0x00007FF691AC0D29]
	(No symbol) [0x00007FF691A15A55]
	GetHandleVerifier [0x00007FF691F7D71D+3223453]
	GetHandleVerifier [0x00007FF691F77CC2+3200322]
	GetHandleVerifier [0x00007FF691F95AF3+3322739]
	GetHandleVerifier [0x00007FF691C96A1A+180890]
	GetHandleVerifier [0x00007FF691C9E11F+211359]
	(No symbol) [0x00007FF691A14AC8]
	GetHandleVerifier [0x00007FF692066FC8+4180040]
	BaseThreadInitThunk [0x00007FFC862F7374+20]
	RtlUserThreadStart [0x00007FFC870BCC91+33]

2025-05-29 12:54:25,523 - INFO - Excel status updated: E:/blast/D'vine/D'vine Residence25_report.xlsx
2025-05-29 12:54:31,645 - ERROR - Error sending message to 60196656204: Message: invalid session id
Stacktrace:
	GetHandleVerifier [0x00007FF691C7CF45+75717]
	GetHandleVerifier [0x00007FF691C7CFA0+75808]
	(No symbol) [0x00007FF691A48DCC]
	(No symbol) [0x00007FF691A8F54F]
	(No symbol) [0x00007FF691AC7242]
	(No symbol) [0x00007FF691AC1C63]
	(No symbol) [0x00007FF691AC0D29]
	(No symbol) [0x00007FF691A15A55]
	GetHandleVerifier [0x00007FF691F7D71D+3223453]
	GetHandleVerifier [0x00007FF691F77CC2+3200322]
	GetHandleVerifier [0x00007FF691F95AF3+3322739]
	GetHandleVerifier [0x00007FF691C96A1A+180890]
	GetHandleVerifier [0x00007FF691C9E11F+211359]
	(No symbol) [0x00007FF691A14AC8]
	GetHandleVerifier [0x00007FF692066FC8+4180040]
	BaseThreadInitThunk [0x00007FFC862F7374+20]
	RtlUserThreadStart [0x00007FFC870BCC91+33]

2025-05-29 12:54:31,757 - INFO - Excel status updated: E:/blast/D'vine/D'vine Residence25_report.xlsx
2025-05-29 12:54:38,236 - ERROR - Error sending message to 60123068906: Message: invalid session id
Stacktrace:
	GetHandleVerifier [0x00007FF691C7CF45+75717]
	GetHandleVerifier [0x00007FF691C7CFA0+75808]
	(No symbol) [0x00007FF691A48DCC]
	(No symbol) [0x00007FF691A8F54F]
	(No symbol) [0x00007FF691AC7242]
	(No symbol) [0x00007FF691AC1C63]
	(No symbol) [0x00007FF691AC0D29]
	(No symbol) [0x00007FF691A15A55]
	GetHandleVerifier [0x00007FF691F7D71D+3223453]
	GetHandleVerifier [0x00007FF691F77CC2+3200322]
	GetHandleVerifier [0x00007FF691F95AF3+3322739]
	GetHandleVerifier [0x00007FF691C96A1A+180890]
	GetHandleVerifier [0x00007FF691C9E11F+211359]
	(No symbol) [0x00007FF691A14AC8]
	GetHandleVerifier [0x00007FF692066FC8+4180040]
	BaseThreadInitThunk [0x00007FFC862F7374+20]
	RtlUserThreadStart [0x00007FFC870BCC91+33]

2025-05-29 12:54:38,346 - INFO - Excel status updated: E:/blast/D'vine/D'vine Residence25_report.xlsx
2025-05-29 12:54:43,777 - ERROR - Error sending message to 601129117405: Message: invalid session id
Stacktrace:
	GetHandleVerifier [0x00007FF691C7CF45+75717]
	GetHandleVerifier [0x00007FF691C7CFA0+75808]
	(No symbol) [0x00007FF691A48DCC]
	(No symbol) [0x00007FF691A8F54F]
	(No symbol) [0x00007FF691AC7242]
	(No symbol) [0x00007FF691AC1C63]
	(No symbol) [0x00007FF691AC0D29]
	(No symbol) [0x00007FF691A15A55]
	GetHandleVerifier [0x00007FF691F7D71D+3223453]
	GetHandleVerifier [0x00007FF691F77CC2+3200322]
	GetHandleVerifier [0x00007FF691F95AF3+3322739]
	GetHandleVerifier [0x00007FF691C96A1A+180890]
	GetHandleVerifier [0x00007FF691C9E11F+211359]
	(No symbol) [0x00007FF691A14AC8]
	GetHandleVerifier [0x00007FF692066FC8+4180040]
	BaseThreadInitThunk [0x00007FFC862F7374+20]
	RtlUserThreadStart [0x00007FFC870BCC91+33]

2025-05-29 12:54:43,893 - INFO - Excel status updated: E:/blast/D'vine/D'vine Residence25_report.xlsx
2025-05-29 12:54:50,789 - ERROR - Error sending message to 601123002598: Message: invalid session id
Stacktrace:
	GetHandleVerifier [0x00007FF691C7CF45+75717]
	GetHandleVerifier [0x00007FF691C7CFA0+75808]
	(No symbol) [0x00007FF691A48DCC]
	(No symbol) [0x00007FF691A8F54F]
	(No symbol) [0x00007FF691AC7242]
	(No symbol) [0x00007FF691AC1C63]
	(No symbol) [0x00007FF691AC0D29]
	(No symbol) [0x00007FF691A15A55]
	GetHandleVerifier [0x00007FF691F7D71D+3223453]
	GetHandleVerifier [0x00007FF691F77CC2+3200322]
	GetHandleVerifier [0x00007FF691F95AF3+3322739]
	GetHandleVerifier [0x00007FF691C96A1A+180890]
	GetHandleVerifier [0x00007FF691C9E11F+211359]
	(No symbol) [0x00007FF691A14AC8]
	GetHandleVerifier [0x00007FF692066FC8+4180040]
	BaseThreadInitThunk [0x00007FFC862F7374+20]
	RtlUserThreadStart [0x00007FFC870BCC91+33]

2025-05-29 12:54:50,909 - INFO - Excel status updated: E:/blast/D'vine/D'vine Residence25_report.xlsx
2025-05-29 12:54:56,636 - ERROR - Error sending message to 60193186583: Message: invalid session id
Stacktrace:
	GetHandleVerifier [0x00007FF691C7CF45+75717]
	GetHandleVerifier [0x00007FF691C7CFA0+75808]
	(No symbol) [0x00007FF691A48DCC]
	(No symbol) [0x00007FF691A8F54F]
	(No symbol) [0x00007FF691AC7242]
	(No symbol) [0x00007FF691AC1C63]
	(No symbol) [0x00007FF691AC0D29]
	(No symbol) [0x00007FF691A15A55]
	GetHandleVerifier [0x00007FF691F7D71D+3223453]
	GetHandleVerifier [0x00007FF691F77CC2+3200322]
	GetHandleVerifier [0x00007FF691F95AF3+3322739]
	GetHandleVerifier [0x00007FF691C96A1A+180890]
	GetHandleVerifier [0x00007FF691C9E11F+211359]
	(No symbol) [0x00007FF691A14AC8]
	GetHandleVerifier [0x00007FF692066FC8+4180040]
	BaseThreadInitThunk [0x00007FFC862F7374+20]
	RtlUserThreadStart [0x00007FFC870BCC91+33]

2025-05-29 12:54:56,771 - INFO - Excel status updated: E:/blast/D'vine/D'vine Residence25_report.xlsx
2025-05-29 12:55:02,900 - ERROR - Error sending message to 601110789363: Message: invalid session id
Stacktrace:
	GetHandleVerifier [0x00007FF691C7CF45+75717]
	GetHandleVerifier [0x00007FF691C7CFA0+75808]
	(No symbol) [0x00007FF691A48DCC]
	(No symbol) [0x00007FF691A8F54F]
	(No symbol) [0x00007FF691AC7242]
	(No symbol) [0x00007FF691AC1C63]
	(No symbol) [0x00007FF691AC0D29]
	(No symbol) [0x00007FF691A15A55]
	GetHandleVerifier [0x00007FF691F7D71D+3223453]
	GetHandleVerifier [0x00007FF691F77CC2+3200322]
	GetHandleVerifier [0x00007FF691F95AF3+3322739]
	GetHandleVerifier [0x00007FF691C96A1A+180890]
	GetHandleVerifier [0x00007FF691C9E11F+211359]
	(No symbol) [0x00007FF691A14AC8]
	GetHandleVerifier [0x00007FF692066FC8+4180040]
	BaseThreadInitThunk [0x00007FFC862F7374+20]
	RtlUserThreadStart [0x00007FFC870BCC91+33]

2025-05-29 12:55:03,000 - INFO - Excel status updated: E:/blast/D'vine/D'vine Residence25_report.xlsx
2025-05-29 12:55:08,389 - ERROR - Error sending message to 60189774800: Message: invalid session id
Stacktrace:
	GetHandleVerifier [0x00007FF691C7CF45+75717]
	GetHandleVerifier [0x00007FF691C7CFA0+75808]
	(No symbol) [0x00007FF691A48DCC]
	(No symbol) [0x00007FF691A8F54F]
	(No symbol) [0x00007FF691AC7242]
	(No symbol) [0x00007FF691AC1C63]
	(No symbol) [0x00007FF691AC0D29]
	(No symbol) [0x00007FF691A15A55]
	GetHandleVerifier [0x00007FF691F7D71D+3223453]
	GetHandleVerifier [0x00007FF691F77CC2+3200322]
	GetHandleVerifier [0x00007FF691F95AF3+3322739]
	GetHandleVerifier [0x00007FF691C96A1A+180890]
	GetHandleVerifier [0x00007FF691C9E11F+211359]
	(No symbol) [0x00007FF691A14AC8]
	GetHandleVerifier [0x00007FF692066FC8+4180040]
	BaseThreadInitThunk [0x00007FFC862F7374+20]
	RtlUserThreadStart [0x00007FFC870BCC91+33]

2025-05-29 12:55:08,715 - INFO - Excel status updated: E:/blast/D'vine/D'vine Residence25_report.xlsx; Report generated: E:/blast/D'vine/D'vine Residence25_report.xlsx; Automation completed!
Report generated: E:/blast/D'vine/D'vine Residence25_report.xlsx
Total messages: 29
Successful: 16
Failed: 13
Success rate: 55.2%
Report saved as: E:/blast/D'vine/D'vine Residence25_report.xlsx
2025-05-29 12:55:57,717 - INFO - Checking login status...
2025-05-29 12:56:19,394 - INFO - Already logged in - starting in headless mode
2025-05-29 12:56:29,655 - INFO - Successfully initialized headless mode
2025-05-29 12:56:39,268 - WARNING - Invalid phone number for 60128438269. Skipping.
2025-05-29 12:56:39,379 - INFO - Excel status updated: E:/blast/D'vine/D'vine Residence25_report.xlsx
2025-05-29 13:05:16,085 - INFO - Message sent to 60145002064
2025-05-29 13:05:16,360 - INFO - Excel status updated: E:/blast/D'vine/D'vine Residence25_report.xlsx
2025-05-29 13:12:57,782 - INFO - Message sent to 60182297088
2025-05-29 13:12:58,155 - INFO - Excel status updated: E:/blast/D'vine/D'vine Residence25_report.xlsx
2025-05-29 13:18:41,343 - INFO - Message sent to 60169001489
2025-05-29 13:18:41,687 - INFO - Excel status updated: E:/blast/D'vine/D'vine Residence25_report.xlsx
2025-05-29 13:26:42,207 - INFO - Message sent to 60173976458
2025-05-29 13:26:42,500 - INFO - Excel status updated: E:/blast/D'vine/D'vine Residence25_report.xlsx
2025-05-29 13:34:04,823 - INFO - Message sent to 60192222038
2025-05-29 13:34:04,957 - INFO - Excel status updated: E:/blast/D'vine/D'vine Residence25_report.xlsx
2025-05-29 13:39:52,088 - INFO - Message sent to 60196656204
2025-05-29 13:39:52,360 - INFO - Excel status updated: E:/blast/D'vine/D'vine Residence25_report.xlsx
2025-05-29 13:48:20,298 - INFO - Message sent to 60123068906
2025-05-29 13:48:20,587 - INFO - Excel status updated: E:/blast/D'vine/D'vine Residence25_report.xlsx
2025-05-29 13:56:09,984 - INFO - Message sent to 601129117405
2025-05-29 13:56:10,175 - INFO - Excel status updated: E:/blast/D'vine/D'vine Residence25_report.xlsx
2025-05-29 14:03:59,295 - INFO - Message sent to 601123002598
2025-05-29 14:03:59,591 - INFO - Excel status updated: E:/blast/D'vine/D'vine Residence25_report.xlsx
2025-05-29 14:12:00,527 - INFO - Message sent to 60193186583
2025-05-29 14:12:00,844 - INFO - Excel status updated: E:/blast/D'vine/D'vine Residence25_report.xlsx
2025-05-29 14:20:17,748 - INFO - Message sent to 601110789363
2025-05-29 14:20:18,043 - INFO - Excel status updated: E:/blast/D'vine/D'vine Residence25_report.xlsx
2025-05-29 14:26:31,035 - INFO - Message sent to 60189774800
2025-05-29 14:26:31,287 - INFO - Excel status updated: E:/blast/D'vine/D'vine Residence25_report.xlsx; Report generated: E:/blast/D'vine/D'vine Residence25_report.xlsx; Automation completed!
Report generated: E:/blast/D'vine/D'vine Residence25_report.xlsx
Total messages: 29
Successful: 28
Failed: 1
Success rate: 96.6%
Report saved as: E:/blast/D'vine/D'vine Residence25_report.xlsx
2025-05-30 09:30:17,934 - INFO - Checking login status...
2025-05-30 09:30:37,855 - INFO - Already logged in - starting in headless mode
2025-05-30 09:30:52,455 - INFO - Successfully initialized headless mode
2025-05-30 09:40:15,680 - INFO - Message sent to 60122516338
2025-05-30 09:40:16,001 - INFO - Excel status updated: E:/blast/D'vine/D'vine Residence26_report.xlsx
2025-05-30 09:49:47,664 - INFO - Message sent to 60134886150
2025-05-30 09:49:47,942 - INFO - Excel status updated: E:/blast/D'vine/D'vine Residence26_report.xlsx
2025-05-30 09:55:46,896 - INFO - Message sent to 601116369337
2025-05-30 09:55:47,198 - INFO - Excel status updated: E:/blast/D'vine/D'vine Residence26_report.xlsx
2025-05-30 10:04:40,496 - INFO - Message sent to 60194987609
2025-05-30 10:04:40,847 - INFO - Excel status updated: E:/blast/D'vine/D'vine Residence26_report.xlsx
2025-05-30 10:15:13,208 - INFO - Message sent to 60137798377
2025-05-30 10:15:13,493 - INFO - Excel status updated: E:/blast/D'vine/D'vine Residence26_report.xlsx
2025-05-30 10:26:48,171 - INFO - Message sent to 60169984338
2025-05-30 10:26:48,467 - INFO - Excel status updated: E:/blast/D'vine/D'vine Residence26_report.xlsx
2025-05-30 10:35:20,473 - INFO - Message sent to 601128746495
2025-05-30 10:35:20,763 - INFO - Excel status updated: E:/blast/D'vine/D'vine Residence26_report.xlsx
2025-05-30 10:44:37,109 - INFO - Message sent to 60129189138
2025-05-30 10:44:37,409 - INFO - Excel status updated: E:/blast/D'vine/D'vine Residence26_report.xlsx
2025-05-30 10:44:53,468 - WARNING - Invalid phone number for 60176504877. Skipping.
2025-05-30 10:44:53,573 - INFO - Excel status updated: E:/blast/D'vine/D'vine Residence26_report.xlsx
2025-05-30 10:53:29,476 - INFO - Message sent to 60125904877
2025-05-30 10:53:29,850 - INFO - Excel status updated: E:/blast/D'vine/D'vine Residence26_report.xlsx
2025-05-30 10:59:14,337 - INFO - Message sent to 60143636365
2025-05-30 10:59:14,648 - INFO - Excel status updated: E:/blast/D'vine/D'vine Residence26_report.xlsx
2025-05-30 11:05:07,330 - INFO - Message sent to 60175513572
2025-05-30 11:05:07,645 - INFO - Excel status updated: E:/blast/D'vine/D'vine Residence26_report.xlsx
2025-05-30 11:14:10,647 - INFO - Message sent to 60164163503
2025-05-30 11:14:10,978 - INFO - Excel status updated: E:/blast/D'vine/D'vine Residence26_report.xlsx
2025-05-30 11:21:54,645 - INFO - Message sent to 60189526068
2025-05-30 11:21:54,995 - INFO - Excel status updated: E:/blast/D'vine/D'vine Residence26_report.xlsx
2025-05-30 11:29:32,282 - INFO - Message sent to 60187770608
2025-05-30 11:29:32,588 - INFO - Excel status updated: E:/blast/D'vine/D'vine Residence26_report.xlsx
2025-05-30 11:29:44,623 - WARNING - Invalid phone number for 601114245911. Skipping.
2025-05-30 11:29:44,729 - INFO - Excel status updated: E:/blast/D'vine/D'vine Residence26_report.xlsx
2025-05-30 11:40:54,314 - INFO - Message sent to 60179322737
2025-05-30 11:40:54,600 - INFO - Excel status updated: E:/blast/D'vine/D'vine Residence26_report.xlsx
2025-05-30 11:49:43,255 - INFO - Message sent to 60125190305
2025-05-30 11:49:43,543 - INFO - Excel status updated: E:/blast/D'vine/D'vine Residence26_report.xlsx
2025-05-30 11:57:38,745 - INFO - Message sent to 60197343450
2025-05-30 11:57:39,064 - INFO - Excel status updated: E:/blast/D'vine/D'vine Residence26_report.xlsx
2025-05-30 12:04:39,544 - INFO - Message sent to 601160915715
2025-05-30 12:04:39,847 - INFO - Excel status updated: E:/blast/D'vine/D'vine Residence26_report.xlsx
2025-05-30 12:15:22,469 - INFO - Message sent to 60197305884
2025-05-30 12:15:22,788 - INFO - Excel status updated: E:/blast/D'vine/D'vine Residence26_report.xlsx
2025-05-30 12:22:13,035 - INFO - Message sent to 60182021344
2025-05-30 12:22:13,384 - INFO - Excel status updated: E:/blast/D'vine/D'vine Residence26_report.xlsx
2025-05-30 12:33:10,994 - INFO - Message sent to 60128666030
2025-05-30 12:33:11,327 - INFO - Excel status updated: E:/blast/D'vine/D'vine Residence26_report.xlsx
2025-05-30 12:39:10,200 - INFO - Message sent to 60166637734
2025-05-30 12:39:10,330 - INFO - Excel status updated: E:/blast/D'vine/D'vine Residence26_report.xlsx
2025-05-30 12:44:54,258 - INFO - Message sent to 60176331716
2025-05-30 12:44:54,553 - INFO - Excel status updated: E:/blast/D'vine/D'vine Residence26_report.xlsx
2025-05-30 12:50:48,745 - INFO - Message sent to 60168852118
2025-05-30 12:50:49,086 - INFO - Excel status updated: E:/blast/D'vine/D'vine Residence26_report.xlsx
2025-05-30 12:58:10,278 - INFO - Message sent to 60172463431
2025-05-30 12:58:10,573 - INFO - Excel status updated: E:/blast/D'vine/D'vine Residence26_report.xlsx
2025-05-30 13:08:57,451 - INFO - Message sent to 60126794632
2025-05-30 13:08:57,778 - INFO - Excel status updated: E:/blast/D'vine/D'vine Residence26_report.xlsx
2025-05-30 13:18:08,561 - INFO - Message sent to 60192758200
2025-05-30 13:18:09,081 - INFO - Excel status updated: E:/blast/D'vine/D'vine Residence26_report.xlsx; Report generated: E:/blast/D'vine/D'vine Residence26_report.xlsx; Automation completed!
Report generated: E:/blast/D'vine/D'vine Residence26_report.xlsx
Total messages: 29
Successful: 27
Failed: 2
Success rate: 93.1%
Report saved as: E:/blast/D'vine/D'vine Residence26_report.xlsx
2025-05-30 13:32:44,541 - INFO - Checking login status...
2025-05-30 13:32:58,494 - INFO - Already logged in - starting in headless mode
2025-05-30 13:33:10,823 - INFO - Successfully initialized headless mode
2025-05-30 13:43:10,371 - INFO - Message sent to 60142159143
2025-05-30 13:43:10,638 - INFO - Excel status updated: E:/blast/D'vine/D'vine Residence27_report.xlsx
2025-05-30 13:53:10,619 - INFO - Message sent to 60196769684
2025-05-30 13:53:10,931 - INFO - Excel status updated: E:/blast/D'vine/D'vine Residence27_report.xlsx
2025-05-30 14:03:31,584 - INFO - Message sent to 60127172169
2025-05-30 14:03:31,889 - INFO - Excel status updated: E:/blast/D'vine/D'vine Residence27_report.xlsx
2025-05-30 14:03:45,846 - WARNING - Invalid phone number for 60172568598. Skipping.
2025-05-30 14:03:45,966 - INFO - Excel status updated: E:/blast/D'vine/D'vine Residence27_report.xlsx
2025-05-30 14:10:05,250 - INFO - Message sent to 60173829186
2025-05-30 14:10:05,563 - INFO - Excel status updated: E:/blast/D'vine/D'vine Residence27_report.xlsx
2025-05-30 14:21:05,815 - INFO - Message sent to 60122544849
2025-05-30 14:21:06,129 - INFO - Excel status updated: E:/blast/D'vine/D'vine Residence27_report.xlsx
2025-05-30 14:31:35,353 - INFO - Message sent to 60163821699
2025-05-30 14:31:35,708 - INFO - Excel status updated: E:/blast/D'vine/D'vine Residence27_report.xlsx
2025-05-30 14:42:19,628 - INFO - Message sent to 60146021571
2025-05-30 14:42:20,023 - INFO - Excel status updated: E:/blast/D'vine/D'vine Residence27_report.xlsx
2025-05-30 14:51:27,674 - INFO - Message sent to 60108983165
2025-05-30 14:51:27,959 - INFO - Excel status updated: E:/blast/D'vine/D'vine Residence27_report.xlsx
2025-05-30 14:51:43,743 - WARNING - Invalid phone number for 60122026138. Skipping.
2025-05-30 14:51:43,869 - INFO - Excel status updated: E:/blast/D'vine/D'vine Residence27_report.xlsx
2025-05-30 14:52:00,280 - WARNING - Invalid phone number for 60183899221. Skipping.
2025-05-30 14:52:00,395 - INFO - Excel status updated: E:/blast/D'vine/D'vine Residence27_report.xlsx
2025-05-30 15:02:33,904 - INFO - Message sent to 60122274172
2025-05-30 15:02:34,042 - INFO - Excel status updated: E:/blast/D'vine/D'vine Residence27_report.xlsx
2025-05-30 15:11:17,829 - INFO - Message sent to 60199216878
2025-05-30 15:11:18,193 - INFO - Excel status updated: E:/blast/D'vine/D'vine Residence27_report.xlsx
2025-05-30 15:11:41,038 - ERROR - Failed to load chat or detect error for 60166953991: Message: 
Stacktrace:
	GetHandleVerifier [0x00007FF65725CF45+75717]
	GetHandleVerifier [0x00007FF65725CFA0+75808]
	(No symbol) [0x00007FF657028F9A]
	(No symbol) [0x00007FF65707F4C6]
	(No symbol) [0x00007FF65707F77C]
	(No symbol) [0x00007FF6570D2577]
	(No symbol) [0x00007FF6570A73BF]
	(No symbol) [0x00007FF6570CF39C]
	(No symbol) [0x00007FF6570A7153]
	(No symbol) [0x00007FF657070421]
	(No symbol) [0x00007FF6570711B3]
	GetHandleVerifier [0x00007FF65755D71D+3223453]
	GetHandleVerifier [0x00007FF657557CC2+3200322]
	GetHandleVerifier [0x00007FF657575AF3+3322739]
	GetHandleVerifier [0x00007FF657276A1A+180890]
	GetHandleVerifier [0x00007FF65727E11F+211359]
	GetHandleVerifier [0x00007FF657265294+109332]
	GetHandleVerifier [0x00007FF657265442+109762]
	GetHandleVerifier [0x00007FF65724BA59+4825]
	BaseThreadInitThunk [0x00007FFC862F7374+20]
	RtlUserThreadStart [0x00007FFC870BCC91+33]

2025-05-30 15:11:41,234 - INFO - Excel status updated: E:/blast/D'vine/D'vine Residence27_report.xlsx
2025-05-30 15:12:03,304 - ERROR - Failed to load chat or detect error for 60162255866: Message: 
Stacktrace:
	GetHandleVerifier [0x00007FF65725CF45+75717]
	GetHandleVerifier [0x00007FF65725CFA0+75808]
	(No symbol) [0x00007FF657028F9A]
	(No symbol) [0x00007FF65707F4C6]
	(No symbol) [0x00007FF65707F77C]
	(No symbol) [0x00007FF6570D2577]
	(No symbol) [0x00007FF6570A73BF]
	(No symbol) [0x00007FF6570CF39C]
	(No symbol) [0x00007FF6570A7153]
	(No symbol) [0x00007FF657070421]
	(No symbol) [0x00007FF6570711B3]
	GetHandleVerifier [0x00007FF65755D71D+3223453]
	GetHandleVerifier [0x00007FF657557CC2+3200322]
	GetHandleVerifier [0x00007FF657575AF3+3322739]
	GetHandleVerifier [0x00007FF657276A1A+180890]
	GetHandleVerifier [0x00007FF65727E11F+211359]
	GetHandleVerifier [0x00007FF657265294+109332]
	GetHandleVerifier [0x00007FF657265442+109762]
	GetHandleVerifier [0x00007FF65724BA59+4825]
	BaseThreadInitThunk [0x00007FFC862F7374+20]
	RtlUserThreadStart [0x00007FFC870BCC91+33]

2025-05-30 15:12:03,478 - INFO - Excel status updated: E:/blast/D'vine/D'vine Residence27_report.xlsx
2025-05-30 15:12:25,855 - ERROR - Failed to load chat or detect error for 60126477338: Message: 
Stacktrace:
	GetHandleVerifier [0x00007FF65725CF45+75717]
	GetHandleVerifier [0x00007FF65725CFA0+75808]
	(No symbol) [0x00007FF657028F9A]
	(No symbol) [0x00007FF65707F4C6]
	(No symbol) [0x00007FF65707F77C]
	(No symbol) [0x00007FF6570D2577]
	(No symbol) [0x00007FF6570A73BF]
	(No symbol) [0x00007FF6570CF39C]
	(No symbol) [0x00007FF6570A7153]
	(No symbol) [0x00007FF657070421]
	(No symbol) [0x00007FF6570711B3]
	GetHandleVerifier [0x00007FF65755D71D+3223453]
	GetHandleVerifier [0x00007FF657557CC2+3200322]
	GetHandleVerifier [0x00007FF657575AF3+3322739]
	GetHandleVerifier [0x00007FF657276A1A+180890]
	GetHandleVerifier [0x00007FF65727E11F+211359]
	GetHandleVerifier [0x00007FF657265294+109332]
	GetHandleVerifier [0x00007FF657265442+109762]
	GetHandleVerifier [0x00007FF65724BA59+4825]
	BaseThreadInitThunk [0x00007FFC862F7374+20]
	RtlUserThreadStart [0x00007FFC870BCC91+33]

2025-05-30 15:12:26,072 - INFO - Excel status updated: E:/blast/D'vine/D'vine Residence27_report.xlsx
2025-05-30 15:12:48,500 - ERROR - Failed to load chat or detect error for 60189609049: Message: 
Stacktrace:
	GetHandleVerifier [0x00007FF65725CF45+75717]
	GetHandleVerifier [0x00007FF65725CFA0+75808]
	(No symbol) [0x00007FF657028F9A]
	(No symbol) [0x00007FF65707F4C6]
	(No symbol) [0x00007FF65707F77C]
	(No symbol) [0x00007FF6570D2577]
	(No symbol) [0x00007FF6570A73BF]
	(No symbol) [0x00007FF6570CF39C]
	(No symbol) [0x00007FF6570A7153]
	(No symbol) [0x00007FF657070421]
	(No symbol) [0x00007FF6570711B3]
	GetHandleVerifier [0x00007FF65755D71D+3223453]
	GetHandleVerifier [0x00007FF657557CC2+3200322]
	GetHandleVerifier [0x00007FF657575AF3+3322739]
	GetHandleVerifier [0x00007FF657276A1A+180890]
	GetHandleVerifier [0x00007FF65727E11F+211359]
	GetHandleVerifier [0x00007FF657265294+109332]
	GetHandleVerifier [0x00007FF657265442+109762]
	GetHandleVerifier [0x00007FF65724BA59+4825]
	BaseThreadInitThunk [0x00007FFC862F7374+20]
	RtlUserThreadStart [0x00007FFC870BCC91+33]

2025-05-30 15:12:48,740 - INFO - Excel status updated: E:/blast/D'vine/D'vine Residence27_report.xlsx
2025-05-30 15:20:16,679 - INFO - Message sent to 60163113265
2025-05-30 15:20:17,054 - INFO - Excel status updated: E:/blast/D'vine/D'vine Residence27_report.xlsx
2025-05-30 15:20:40,682 - ERROR - Failed to load chat or detect error for 60102127628: Message: 
Stacktrace:
	GetHandleVerifier [0x00007FF65725CF45+75717]
	GetHandleVerifier [0x00007FF65725CFA0+75808]
	(No symbol) [0x00007FF657028F9A]
	(No symbol) [0x00007FF65707F4C6]
	(No symbol) [0x00007FF65707F77C]
	(No symbol) [0x00007FF6570D2577]
	(No symbol) [0x00007FF6570A73BF]
	(No symbol) [0x00007FF6570CF39C]
	(No symbol) [0x00007FF6570A7153]
	(No symbol) [0x00007FF657070421]
	(No symbol) [0x00007FF6570711B3]
	GetHandleVerifier [0x00007FF65755D71D+3223453]
	GetHandleVerifier [0x00007FF657557CC2+3200322]
	GetHandleVerifier [0x00007FF657575AF3+3322739]
	GetHandleVerifier [0x00007FF657276A1A+180890]
	GetHandleVerifier [0x00007FF65727E11F+211359]
	GetHandleVerifier [0x00007FF657265294+109332]
	GetHandleVerifier [0x00007FF657265442+109762]
	GetHandleVerifier [0x00007FF65724BA59+4825]
	BaseThreadInitThunk [0x00007FFC862F7374+20]
	RtlUserThreadStart [0x00007FFC870BCC91+33]

2025-05-30 15:20:40,920 - INFO - Excel status updated: E:/blast/D'vine/D'vine Residence27_report.xlsx
2025-05-30 15:21:03,048 - ERROR - Failed to load chat or detect error for 60122285694: Message: 
Stacktrace:
	GetHandleVerifier [0x00007FF65725CF45+75717]
	GetHandleVerifier [0x00007FF65725CFA0+75808]
	(No symbol) [0x00007FF657028F9A]
	(No symbol) [0x00007FF65707F4C6]
	(No symbol) [0x00007FF65707F77C]
	(No symbol) [0x00007FF6570D2577]
	(No symbol) [0x00007FF6570A73BF]
	(No symbol) [0x00007FF6570CF39C]
	(No symbol) [0x00007FF6570A7153]
	(No symbol) [0x00007FF657070421]
	(No symbol) [0x00007FF6570711B3]
	GetHandleVerifier [0x00007FF65755D71D+3223453]
	GetHandleVerifier [0x00007FF657557CC2+3200322]
	GetHandleVerifier [0x00007FF657575AF3+3322739]
	GetHandleVerifier [0x00007FF657276A1A+180890]
	GetHandleVerifier [0x00007FF65727E11F+211359]
	GetHandleVerifier [0x00007FF657265294+109332]
	GetHandleVerifier [0x00007FF657265442+109762]
	GetHandleVerifier [0x00007FF65724BA59+4825]
	BaseThreadInitThunk [0x00007FFC862F7374+20]
	RtlUserThreadStart [0x00007FFC870BCC91+33]

2025-05-30 15:21:03,287 - INFO - Excel status updated: E:/blast/D'vine/D'vine Residence27_report.xlsx
2025-05-30 15:21:27,866 - ERROR - Failed to load chat or detect error for 60172185766: Message: 
Stacktrace:
	GetHandleVerifier [0x00007FF65725CF45+75717]
	GetHandleVerifier [0x00007FF65725CFA0+75808]
	(No symbol) [0x00007FF657028F9A]
	(No symbol) [0x00007FF65707F4C6]
	(No symbol) [0x00007FF65707F77C]
	(No symbol) [0x00007FF6570D2577]
	(No symbol) [0x00007FF6570A73BF]
	(No symbol) [0x00007FF6570CF39C]
	(No symbol) [0x00007FF6570A7153]
	(No symbol) [0x00007FF657070421]
	(No symbol) [0x00007FF6570711B3]
	GetHandleVerifier [0x00007FF65755D71D+3223453]
	GetHandleVerifier [0x00007FF657557CC2+3200322]
	GetHandleVerifier [0x00007FF657575AF3+3322739]
	GetHandleVerifier [0x00007FF657276A1A+180890]
	GetHandleVerifier [0x00007FF65727E11F+211359]
	GetHandleVerifier [0x00007FF657265294+109332]
	GetHandleVerifier [0x00007FF657265442+109762]
	GetHandleVerifier [0x00007FF65724BA59+4825]
	BaseThreadInitThunk [0x00007FFC862F7374+20]
	RtlUserThreadStart [0x00007FFC870BCC91+33]

2025-05-30 15:21:28,116 - INFO - Excel status updated: E:/blast/D'vine/D'vine Residence27_report.xlsx
2025-05-30 15:21:54,983 - ERROR - Failed to load chat or detect error for 601121484808: Message: 
Stacktrace:
	GetHandleVerifier [0x00007FF65725CF45+75717]
	GetHandleVerifier [0x00007FF65725CFA0+75808]
	(No symbol) [0x00007FF657028F9A]
	(No symbol) [0x00007FF65707F4C6]
	(No symbol) [0x00007FF65707F77C]
	(No symbol) [0x00007FF6570D2577]
	(No symbol) [0x00007FF6570A73BF]
	(No symbol) [0x00007FF6570CF39C]
	(No symbol) [0x00007FF6570A7153]
	(No symbol) [0x00007FF657070421]
	(No symbol) [0x00007FF6570711B3]
	GetHandleVerifier [0x00007FF65755D71D+3223453]
	GetHandleVerifier [0x00007FF657557CC2+3200322]
	GetHandleVerifier [0x00007FF657575AF3+3322739]
	GetHandleVerifier [0x00007FF657276A1A+180890]
	GetHandleVerifier [0x00007FF65727E11F+211359]
	GetHandleVerifier [0x00007FF657265294+109332]
	GetHandleVerifier [0x00007FF657265442+109762]
	GetHandleVerifier [0x00007FF65724BA59+4825]
	BaseThreadInitThunk [0x00007FFC862F7374+20]
	RtlUserThreadStart [0x00007FFC870BCC91+33]

2025-05-30 15:21:55,264 - INFO - Excel status updated: E:/blast/D'vine/D'vine Residence27_report.xlsx
2025-05-30 15:22:19,016 - ERROR - Failed to load chat or detect error for 60194233979: Message: 
Stacktrace:
	GetHandleVerifier [0x00007FF65725CF45+75717]
	GetHandleVerifier [0x00007FF65725CFA0+75808]
	(No symbol) [0x00007FF657028F9A]
	(No symbol) [0x00007FF65707F4C6]
	(No symbol) [0x00007FF65707F77C]
	(No symbol) [0x00007FF6570D2577]
	(No symbol) [0x00007FF6570A73BF]
	(No symbol) [0x00007FF6570CF39C]
	(No symbol) [0x00007FF6570A7153]
	(No symbol) [0x00007FF657070421]
	(No symbol) [0x00007FF6570711B3]
	GetHandleVerifier [0x00007FF65755D71D+3223453]
	GetHandleVerifier [0x00007FF657557CC2+3200322]
	GetHandleVerifier [0x00007FF657575AF3+3322739]
	GetHandleVerifier [0x00007FF657276A1A+180890]
	GetHandleVerifier [0x00007FF65727E11F+211359]
	GetHandleVerifier [0x00007FF657265294+109332]
	GetHandleVerifier [0x00007FF657265442+109762]
	GetHandleVerifier [0x00007FF65724BA59+4825]
	BaseThreadInitThunk [0x00007FFC862F7374+20]
	RtlUserThreadStart [0x00007FFC870BCC91+33]

2025-05-30 15:22:19,277 - INFO - Excel status updated: E:/blast/D'vine/D'vine Residence27_report.xlsx
2025-05-30 15:22:41,713 - ERROR - Failed to load chat or detect error for 60196358143: Message: 
Stacktrace:
	GetHandleVerifier [0x00007FF65725CF45+75717]
	GetHandleVerifier [0x00007FF65725CFA0+75808]
	(No symbol) [0x00007FF657028F9A]
	(No symbol) [0x00007FF65707F4C6]
	(No symbol) [0x00007FF65707F77C]
	(No symbol) [0x00007FF6570D2577]
	(No symbol) [0x00007FF6570A73BF]
	(No symbol) [0x00007FF6570CF39C]
	(No symbol) [0x00007FF6570A7153]
	(No symbol) [0x00007FF657070421]
	(No symbol) [0x00007FF6570711B3]
	GetHandleVerifier [0x00007FF65755D71D+3223453]
	GetHandleVerifier [0x00007FF657557CC2+3200322]
	GetHandleVerifier [0x00007FF657575AF3+3322739]
	GetHandleVerifier [0x00007FF657276A1A+180890]
	GetHandleVerifier [0x00007FF65727E11F+211359]
	GetHandleVerifier [0x00007FF657265294+109332]
	GetHandleVerifier [0x00007FF657265442+109762]
	GetHandleVerifier [0x00007FF65724BA59+4825]
	BaseThreadInitThunk [0x00007FFC862F7374+20]
	RtlUserThreadStart [0x00007FFC870BCC91+33]

2025-05-30 15:22:42,002 - INFO - Excel status updated: E:/blast/D'vine/D'vine Residence27_report.xlsx
2025-05-30 15:23:05,842 - ERROR - Failed to load chat or detect error for 60125809340: Message: 
Stacktrace:
	GetHandleVerifier [0x00007FF65725CF45+75717]
	GetHandleVerifier [0x00007FF65725CFA0+75808]
	(No symbol) [0x00007FF657028F9A]
	(No symbol) [0x00007FF65707F4C6]
	(No symbol) [0x00007FF65707F77C]
	(No symbol) [0x00007FF6570D2577]
	(No symbol) [0x00007FF6570A73BF]
	(No symbol) [0x00007FF6570CF39C]
	(No symbol) [0x00007FF6570A7153]
	(No symbol) [0x00007FF657070421]
	(No symbol) [0x00007FF6570711B3]
	GetHandleVerifier [0x00007FF65755D71D+3223453]
	GetHandleVerifier [0x00007FF657557CC2+3200322]
	GetHandleVerifier [0x00007FF657575AF3+3322739]
	GetHandleVerifier [0x00007FF657276A1A+180890]
	GetHandleVerifier [0x00007FF65727E11F+211359]
	GetHandleVerifier [0x00007FF657265294+109332]
	GetHandleVerifier [0x00007FF657265442+109762]
	GetHandleVerifier [0x00007FF65724BA59+4825]
	BaseThreadInitThunk [0x00007FFC862F7374+20]
	RtlUserThreadStart [0x00007FFC870BCC91+33]

2025-05-30 15:23:06,098 - INFO - Excel status updated: E:/blast/D'vine/D'vine Residence27_report.xlsx
2025-05-30 15:23:28,444 - ERROR - Failed to load chat or detect error for 60179180473: Message: 
Stacktrace:
	GetHandleVerifier [0x00007FF65725CF45+75717]
	GetHandleVerifier [0x00007FF65725CFA0+75808]
	(No symbol) [0x00007FF657028F9A]
	(No symbol) [0x00007FF65707F4C6]
	(No symbol) [0x00007FF65707F77C]
	(No symbol) [0x00007FF6570D2577]
	(No symbol) [0x00007FF6570A73BF]
	(No symbol) [0x00007FF6570CF39C]
	(No symbol) [0x00007FF6570A7153]
	(No symbol) [0x00007FF657070421]
	(No symbol) [0x00007FF6570711B3]
	GetHandleVerifier [0x00007FF65755D71D+3223453]
	GetHandleVerifier [0x00007FF657557CC2+3200322]
	GetHandleVerifier [0x00007FF657575AF3+3322739]
	GetHandleVerifier [0x00007FF657276A1A+180890]
	GetHandleVerifier [0x00007FF65727E11F+211359]
	GetHandleVerifier [0x00007FF657265294+109332]
	GetHandleVerifier [0x00007FF657265442+109762]
	GetHandleVerifier [0x00007FF65724BA59+4825]
	BaseThreadInitThunk [0x00007FFC862F7374+20]
	RtlUserThreadStart [0x00007FFC870BCC91+33]

2025-05-30 15:23:28,697 - INFO - Excel status updated: E:/blast/D'vine/D'vine Residence27_report.xlsx
2025-05-30 15:23:51,085 - ERROR - Failed to load chat or detect error for 60126139368: Message: 
Stacktrace:
	GetHandleVerifier [0x00007FF65725CF45+75717]
	GetHandleVerifier [0x00007FF65725CFA0+75808]
	(No symbol) [0x00007FF657028F9A]
	(No symbol) [0x00007FF65707F4C6]
	(No symbol) [0x00007FF65707F77C]
	(No symbol) [0x00007FF6570D2577]
	(No symbol) [0x00007FF6570A73BF]
	(No symbol) [0x00007FF6570CF39C]
	(No symbol) [0x00007FF6570A7153]
	(No symbol) [0x00007FF657070421]
	(No symbol) [0x00007FF6570711B3]
	GetHandleVerifier [0x00007FF65755D71D+3223453]
	GetHandleVerifier [0x00007FF657557CC2+3200322]
	GetHandleVerifier [0x00007FF657575AF3+3322739]
	GetHandleVerifier [0x00007FF657276A1A+180890]
	GetHandleVerifier [0x00007FF65727E11F+211359]
	GetHandleVerifier [0x00007FF657265294+109332]
	GetHandleVerifier [0x00007FF657265442+109762]
	GetHandleVerifier [0x00007FF65724BA59+4825]
	BaseThreadInitThunk [0x00007FFC862F7374+20]
	RtlUserThreadStart [0x00007FFC870BCC91+33]

2025-05-30 15:23:51,464 - INFO - Excel status updated: E:/blast/D'vine/D'vine Residence27_report.xlsx
2025-05-30 15:24:14,903 - ERROR - Failed to load chat or detect error for 60142493788: Message: 
Stacktrace:
	GetHandleVerifier [0x00007FF65725CF45+75717]
	GetHandleVerifier [0x00007FF65725CFA0+75808]
	(No symbol) [0x00007FF657028F9A]
	(No symbol) [0x00007FF65707F4C6]
	(No symbol) [0x00007FF65707F77C]
	(No symbol) [0x00007FF6570D2577]
	(No symbol) [0x00007FF6570A73BF]
	(No symbol) [0x00007FF6570CF39C]
	(No symbol) [0x00007FF6570A7153]
	(No symbol) [0x00007FF657070421]
	(No symbol) [0x00007FF6570711B3]
	GetHandleVerifier [0x00007FF65755D71D+3223453]
	GetHandleVerifier [0x00007FF657557CC2+3200322]
	GetHandleVerifier [0x00007FF657575AF3+3322739]
	GetHandleVerifier [0x00007FF657276A1A+180890]
	GetHandleVerifier [0x00007FF65727E11F+211359]
	GetHandleVerifier [0x00007FF657265294+109332]
	GetHandleVerifier [0x00007FF657265442+109762]
	GetHandleVerifier [0x00007FF65724BA59+4825]
	BaseThreadInitThunk [0x00007FFC862F7374+20]
	RtlUserThreadStart [0x00007FFC870BCC91+33]

2025-05-30 15:24:15,102 - INFO - Excel status updated: E:/blast/D'vine/D'vine Residence27_report.xlsx
2025-05-30 15:24:39,806 - ERROR - Failed to load chat or detect error for 60186621399: Message: 
Stacktrace:
	GetHandleVerifier [0x00007FF65725CF45+75717]
	GetHandleVerifier [0x00007FF65725CFA0+75808]
	(No symbol) [0x00007FF657028F9A]
	(No symbol) [0x00007FF65707F4C6]
	(No symbol) [0x00007FF65707F77C]
	(No symbol) [0x00007FF6570D2577]
	(No symbol) [0x00007FF6570A73BF]
	(No symbol) [0x00007FF6570CF39C]
	(No symbol) [0x00007FF6570A7153]
	(No symbol) [0x00007FF657070421]
	(No symbol) [0x00007FF6570711B3]
	GetHandleVerifier [0x00007FF65755D71D+3223453]
	GetHandleVerifier [0x00007FF657557CC2+3200322]
	GetHandleVerifier [0x00007FF657575AF3+3322739]
	GetHandleVerifier [0x00007FF657276A1A+180890]
	GetHandleVerifier [0x00007FF65727E11F+211359]
	GetHandleVerifier [0x00007FF657265294+109332]
	GetHandleVerifier [0x00007FF657265442+109762]
	GetHandleVerifier [0x00007FF65724BA59+4825]
	BaseThreadInitThunk [0x00007FFC862F7374+20]
	RtlUserThreadStart [0x00007FFC870BCC91+33]

2025-05-30 15:24:40,488 - INFO - Excel status updated: E:/blast/D'vine/D'vine Residence27_report.xlsx; Report generated: E:/blast/D'vine/D'vine Residence27_report.xlsx; Automation completed!
Report generated: E:/blast/D'vine/D'vine Residence27_report.xlsx
Total messages: 29
Successful: 11
Failed: 18
Success rate: 37.9%
Report saved as: E:/blast/D'vine/D'vine Residence27_report.xlsx
2025-06-03 12:16:35,142 - INFO - Checking login status...
2025-06-03 12:17:07,524 - INFO - Already logged in - starting in headless mode
2025-06-03 12:17:21,431 - INFO - Successfully initialized headless mode
2025-06-03 12:23:44,679 - INFO - Message sent to 60166953991
2025-06-03 12:23:45,978 - INFO - Excel status updated: E:/blast/D'vine/D'vine Residence27_report.xlsx
2025-06-03 12:30:45,302 - INFO - Message sent to 60162255866
2025-06-03 12:30:45,418 - INFO - Excel status updated: E:/blast/D'vine/D'vine Residence27_report.xlsx
2025-06-03 12:37:45,570 - INFO - Message sent to 60126477338
2025-06-03 12:37:45,678 - INFO - Excel status updated: E:/blast/D'vine/D'vine Residence27_report.xlsx
2025-06-03 12:44:51,707 - INFO - Message sent to 60189609049
2025-06-03 12:44:52,040 - INFO - Excel status updated: E:/blast/D'vine/D'vine Residence27_report.xlsx
2025-06-03 12:52:24,475 - INFO - Message sent to 60163113265
2025-06-03 12:52:24,752 - INFO - Excel status updated: E:/blast/D'vine/D'vine Residence27_report.xlsx
2025-06-03 12:59:16,623 - INFO - Message sent to 60102127628
2025-06-03 12:59:16,744 - INFO - Excel status updated: E:/blast/D'vine/D'vine Residence27_report.xlsx
2025-06-03 13:07:00,250 - INFO - Message sent to 60122285694
2025-06-03 13:07:00,559 - INFO - Excel status updated: E:/blast/D'vine/D'vine Residence27_report.xlsx
2025-06-03 13:14:59,959 - INFO - Message sent to 60172185766
2025-06-03 13:15:00,083 - INFO - Excel status updated: E:/blast/D'vine/D'vine Residence27_report.xlsx
2025-06-03 13:23:30,399 - INFO - Message sent to 601121484808
2025-06-03 13:23:30,733 - INFO - Excel status updated: E:/blast/D'vine/D'vine Residence27_report.xlsx
2025-06-03 13:31:56,140 - INFO - Message sent to 60194233979
2025-06-03 13:31:56,430 - INFO - Excel status updated: E:/blast/D'vine/D'vine Residence27_report.xlsx
2025-06-03 13:39:55,208 - INFO - Message sent to 60196358143
2025-06-03 13:39:55,318 - INFO - Excel status updated: E:/blast/D'vine/D'vine Residence27_report.xlsx
2025-06-03 13:47:56,708 - INFO - Message sent to 60125809340
2025-06-03 13:47:57,006 - INFO - Excel status updated: E:/blast/D'vine/D'vine Residence27_report.xlsx
2025-06-03 13:55:29,096 - INFO - Message sent to 60179180473
2025-06-03 13:55:29,404 - INFO - Excel status updated: E:/blast/D'vine/D'vine Residence27_report.xlsx
2025-06-03 14:03:56,356 - INFO - Message sent to 60126139368
2025-06-03 14:03:56,661 - INFO - Excel status updated: E:/blast/D'vine/D'vine Residence27_report.xlsx
2025-06-03 14:04:08,943 - WARNING - Invalid phone number for 60142493788. Skipping.
2025-06-03 14:04:09,088 - INFO - Excel status updated: E:/blast/D'vine/D'vine Residence27_report.xlsx
2025-06-03 14:12:36,014 - INFO - Message sent to 60186621399
2025-06-03 14:12:36,253 - INFO - Excel status updated: E:/blast/D'vine/D'vine Residence27_report.xlsx; Report generated: E:/blast/D'vine/D'vine Residence27_report.xlsx; Automation completed!
Report generated: E:/blast/D'vine/D'vine Residence27_report.xlsx
Total messages: 16
Successful: 15
Failed: 1
Success rate: 93.8%
Report saved as: E:/blast/D'vine/D'vine Residence27_report.xlsx
2025-06-04 12:39:26,054 - INFO - Checking login status...
2025-06-04 12:39:41,832 - INFO - Already logged in - starting in headless mode
2025-06-04 12:39:55,841 - INFO - Successfully initialized headless mode
2025-06-04 12:47:28,198 - INFO - Message sent to 60123830261
2025-06-04 12:47:28,456 - INFO - Excel status updated: E:/blast/D'vine/D'vine Residence28_report.xlsx
2025-06-04 12:53:28,331 - INFO - Message sent to 60103702970
2025-06-04 12:53:28,619 - INFO - Excel status updated: E:/blast/D'vine/D'vine Residence28_report.xlsx
2025-06-04 13:00:33,351 - INFO - Message sent to 60164492512
2025-06-04 13:00:33,629 - INFO - Excel status updated: E:/blast/D'vine/D'vine Residence28_report.xlsx
2025-06-04 13:06:05,663 - INFO - Message sent to 60133002246
2025-06-04 13:06:05,984 - INFO - Excel status updated: E:/blast/D'vine/D'vine Residence28_report.xlsx
2025-06-04 13:13:06,497 - INFO - Message sent to 601127234971
2025-06-04 13:13:06,805 - INFO - Excel status updated: E:/blast/D'vine/D'vine Residence28_report.xlsx
2025-06-04 13:21:34,495 - INFO - Message sent to 60125866376
2025-06-04 13:21:34,787 - INFO - Excel status updated: E:/blast/D'vine/D'vine Residence28_report.xlsx
2025-06-04 13:27:50,170 - INFO - Message sent to 601118581968
2025-06-04 13:27:50,519 - INFO - Excel status updated: E:/blast/D'vine/D'vine Residence28_report.xlsx
2025-06-04 13:33:31,273 - INFO - Message sent to 60162072931
2025-06-04 13:33:31,606 - INFO - Excel status updated: E:/blast/D'vine/D'vine Residence28_report.xlsx
2025-06-04 13:40:45,870 - INFO - Message sent to 60162132877
2025-06-04 13:40:46,232 - INFO - Excel status updated: E:/blast/D'vine/D'vine Residence28_report.xlsx
2025-06-04 13:46:23,471 - INFO - Message sent to 60125761360
2025-06-04 13:46:23,753 - INFO - Excel status updated: E:/blast/D'vine/D'vine Residence28_report.xlsx
2025-06-04 13:46:40,698 - WARNING - Invalid phone number for 60146274056. Skipping.
2025-06-04 13:46:40,804 - INFO - Excel status updated: E:/blast/D'vine/D'vine Residence28_report.xlsx
2025-06-04 13:54:09,621 - INFO - Message sent to 601162751949
2025-06-04 13:54:09,939 - INFO - Excel status updated: E:/blast/D'vine/D'vine Residence28_report.xlsx
2025-06-04 14:02:41,626 - INFO - Message sent to 60197748337
2025-06-04 14:02:41,755 - INFO - Excel status updated: E:/blast/D'vine/D'vine Residence28_report.xlsx
2025-06-04 14:09:39,617 - INFO - Message sent to 60125822878
2025-06-04 14:09:39,960 - INFO - Excel status updated: E:/blast/D'vine/D'vine Residence28_report.xlsx
2025-06-04 14:17:02,610 - INFO - Message sent to 60126797615
2025-06-04 14:17:02,804 - INFO - Excel status updated: E:/blast/D'vine/D'vine Residence28_report.xlsx
2025-06-04 14:23:40,086 - INFO - Message sent to 60128225582
2025-06-04 14:23:40,379 - INFO - Excel status updated: E:/blast/D'vine/D'vine Residence28_report.xlsx
2025-06-04 14:29:25,896 - INFO - Message sent to 60194472601
2025-06-04 14:29:26,250 - INFO - Excel status updated: E:/blast/D'vine/D'vine Residence28_report.xlsx
2025-06-04 14:38:07,814 - INFO - Message sent to 60166475483
2025-06-04 14:38:08,141 - INFO - Excel status updated: E:/blast/D'vine/D'vine Residence28_report.xlsx
2025-06-04 14:44:56,766 - INFO - Message sent to 60197595360
2025-06-04 14:44:57,154 - INFO - Excel status updated: E:/blast/D'vine/D'vine Residence28_report.xlsx
2025-06-04 14:52:49,610 - INFO - Message sent to 60129789805
2025-06-04 14:52:49,962 - INFO - Excel status updated: E:/blast/D'vine/D'vine Residence28_report.xlsx
2025-06-04 14:53:15,148 - ERROR - Failed to load chat or detect error for 60129809059: Message: 
Stacktrace:
	GetHandleVerifier [0x0x7ff6b41efea5+79173]
	GetHandleVerifier [0x0x7ff6b41eff00+79264]
	(No symbol) [0x0x7ff6b3fa9e5a]
	(No symbol) [0x0x7ff6b4000586]
	(No symbol) [0x0x7ff6b400083c]
	(No symbol) [0x0x7ff6b4054247]
	(No symbol) [0x0x7ff6b40289af]
	(No symbol) [0x0x7ff6b405100d]
	(No symbol) [0x0x7ff6b4028743]
	(No symbol) [0x0x7ff6b3ff14c1]
	(No symbol) [0x0x7ff6b3ff2253]
	GetHandleVerifier [0x0x7ff6b44ba2dd+3004797]
	GetHandleVerifier [0x0x7ff6b44b472d+2981325]
	GetHandleVerifier [0x0x7ff6b44d3380+3107360]
	GetHandleVerifier [0x0x7ff6b420aa2e+188622]
	GetHandleVerifier [0x0x7ff6b42122bf+219487]
	GetHandleVerifier [0x0x7ff6b41f8df4+115860]
	GetHandleVerifier [0x0x7ff6b41f8fa9+116297]
	GetHandleVerifier [0x0x7ff6b41df558+11256]
	BaseThreadInitThunk [0x0x7ffc862f7374+20]
	RtlUserThreadStart [0x0x7ffc870bcc91+33]

2025-06-04 14:53:15,307 - INFO - Excel status updated: E:/blast/D'vine/D'vine Residence28_report.xlsx
2025-06-04 14:53:38,489 - ERROR - Failed to load chat or detect error for 601126616968: Message: 
Stacktrace:
	GetHandleVerifier [0x0x7ff6b41efea5+79173]
	GetHandleVerifier [0x0x7ff6b41eff00+79264]
	(No symbol) [0x0x7ff6b3fa9e5a]
	(No symbol) [0x0x7ff6b4000586]
	(No symbol) [0x0x7ff6b400083c]
	(No symbol) [0x0x7ff6b4054247]
	(No symbol) [0x0x7ff6b40289af]
	(No symbol) [0x0x7ff6b405100d]
	(No symbol) [0x0x7ff6b4028743]
	(No symbol) [0x0x7ff6b3ff14c1]
	(No symbol) [0x0x7ff6b3ff2253]
	GetHandleVerifier [0x0x7ff6b44ba2dd+3004797]
	GetHandleVerifier [0x0x7ff6b44b472d+2981325]
	GetHandleVerifier [0x0x7ff6b44d3380+3107360]
	GetHandleVerifier [0x0x7ff6b420aa2e+188622]
	GetHandleVerifier [0x0x7ff6b42122bf+219487]
	GetHandleVerifier [0x0x7ff6b41f8df4+115860]
	GetHandleVerifier [0x0x7ff6b41f8fa9+116297]
	GetHandleVerifier [0x0x7ff6b41df558+11256]
	BaseThreadInitThunk [0x0x7ffc862f7374+20]
	RtlUserThreadStart [0x0x7ffc870bcc91+33]

2025-06-04 14:53:38,632 - INFO - Excel status updated: E:/blast/D'vine/D'vine Residence28_report.xlsx
2025-06-04 14:53:58,697 - WARNING - Invalid phone number for 60194182316. Skipping.
2025-06-04 14:53:58,859 - INFO - Excel status updated: E:/blast/D'vine/D'vine Residence28_report.xlsx
2025-06-04 15:01:55,785 - INFO - Message sent to 60138681882
2025-06-04 15:01:56,099 - INFO - Excel status updated: E:/blast/D'vine/D'vine Residence28_report.xlsx
2025-06-04 15:09:47,067 - INFO - Message sent to 60124367273
2025-06-04 15:09:47,458 - INFO - Excel status updated: E:/blast/D'vine/D'vine Residence28_report.xlsx
2025-06-04 15:15:09,970 - INFO - Message sent to 60122787718
2025-06-04 15:15:10,315 - INFO - Excel status updated: E:/blast/D'vine/D'vine Residence28_report.xlsx
2025-06-04 15:22:06,256 - INFO - Message sent to 601127433196
2025-06-04 15:22:06,596 - INFO - Excel status updated: E:/blast/D'vine/D'vine Residence28_report.xlsx
2025-06-04 15:27:46,918 - INFO - Message sent to 60193566779
2025-06-04 15:27:47,233 - INFO - Excel status updated: E:/blast/D'vine/D'vine Residence28_report.xlsx
2025-06-04 15:35:09,181 - INFO - Message sent to 601139429227
2025-06-04 15:35:09,609 - INFO - Excel status updated: E:/blast/D'vine/D'vine Residence28_report.xlsx; Report generated: E:/blast/D'vine/D'vine Residence28_report.xlsx; Automation completed!
Report generated: E:/blast/D'vine/D'vine Residence28_report.xlsx
Total messages: 29
Successful: 25
Failed: 4
Success rate: 86.2%
Report saved as: E:/blast/D'vine/D'vine Residence28_report.xlsx
2025-06-04 15:48:12,224 - INFO - Checking login status...
2025-06-04 15:48:28,432 - INFO - Already logged in - starting in headless mode
2025-06-04 15:48:39,890 - INFO - Successfully initialized headless mode
2025-06-04 15:48:50,921 - WARNING - Invalid phone number for 60146274056. Skipping.
2025-06-04 15:48:51,206 - INFO - Excel status updated: E:/blast/D'vine/D'vine Residence28_report.xlsx
2025-06-04 15:56:53,822 - INFO - Message sent to 60129809059
2025-06-04 15:56:54,182 - INFO - Excel status updated: E:/blast/D'vine/D'vine Residence28_report.xlsx
2025-06-04 16:03:12,429 - INFO - Message sent to 601126616968
2025-06-04 16:03:12,805 - INFO - Excel status updated: E:/blast/D'vine/D'vine Residence28_report.xlsx
2025-06-04 16:03:30,310 - WARNING - Invalid phone number for 60194182316. Skipping.
2025-06-04 16:03:30,499 - INFO - Excel status updated: E:/blast/D'vine/D'vine Residence28_report.xlsx; Report generated: E:/blast/D'vine/D'vine Residence28_report.xlsx; Automation completed!
Report generated: E:/blast/D'vine/D'vine Residence28_report.xlsx
Total messages: 29
Successful: 27
Failed: 2
Success rate: 93.1%
Report saved as: E:/blast/D'vine/D'vine Residence28_report.xlsx
2025-06-06 09:53:26,485 - INFO - Checking login status...
2025-06-06 09:53:44,008 - INFO - Already logged in - starting in headless mode
2025-06-06 09:54:09,207 - ERROR - Error setting up WebDriver: Message: 
Stacktrace:
	GetHandleVerifier [0x0x7ff7fd31fea5+79173]
	GetHandleVerifier [0x0x7ff7fd31ff00+79264]
	(No symbol) [0x0x7ff7fd0d9e5a]
	(No symbol) [0x0x7ff7fd130586]
	(No symbol) [0x0x7ff7fd13083c]
	(No symbol) [0x0x7ff7fd184247]
	(No symbol) [0x0x7ff7fd1589af]
	(No symbol) [0x0x7ff7fd18100d]
	(No symbol) [0x0x7ff7fd158743]
	(No symbol) [0x0x7ff7fd1214c1]
	(No symbol) [0x0x7ff7fd122253]
	GetHandleVerifier [0x0x7ff7fd5ea2dd+3004797]
	GetHandleVerifier [0x0x7ff7fd5e472d+2981325]
	GetHandleVerifier [0x0x7ff7fd603380+3107360]
	GetHandleVerifier [0x0x7ff7fd33aa2e+188622]
	GetHandleVerifier [0x0x7ff7fd3422bf+219487]
	GetHandleVerifier [0x0x7ff7fd328df4+115860]
	GetHandleVerifier [0x0x7ff7fd328fa9+116297]
	GetHandleVerifier [0x0x7ff7fd30f558+11256]
	BaseThreadInitThunk [0x0x7ffc862f7374+20]
	RtlUserThreadStart [0x0x7ffc870bcc91+33]

2025-06-06 09:54:11,341 - ERROR - Error in process_numbers: Message: 
Stacktrace:
	GetHandleVerifier [0x0x7ff7fd31fea5+79173]
	GetHandleVerifier [0x0x7ff7fd31ff00+79264]
	(No symbol) [0x0x7ff7fd0d9e5a]
	(No symbol) [0x0x7ff7fd130586]
	(No symbol) [0x0x7ff7fd13083c]
	(No symbol) [0x0x7ff7fd184247]
	(No symbol) [0x0x7ff7fd1589af]
	(No symbol) [0x0x7ff7fd18100d]
	(No symbol) [0x0x7ff7fd158743]
	(No symbol) [0x0x7ff7fd1214c1]
	(No symbol) [0x0x7ff7fd122253]
	GetHandleVerifier [0x0x7ff7fd5ea2dd+3004797]
	GetHandleVerifier [0x0x7ff7fd5e472d+2981325]
	GetHandleVerifier [0x0x7ff7fd603380+3107360]
	GetHandleVerifier [0x0x7ff7fd33aa2e+188622]
	GetHandleVerifier [0x0x7ff7fd3422bf+219487]
	GetHandleVerifier [0x0x7ff7fd328df4+115860]
	GetHandleVerifier [0x0x7ff7fd328fa9+116297]
	GetHandleVerifier [0x0x7ff7fd30f558+11256]
	BaseThreadInitThunk [0x0x7ffc862f7374+20]
	RtlUserThreadStart [0x0x7ffc870bcc91+33]

2025-06-06 09:54:15,415 - WARNING - Retrying (Retry(total=2, connect=None, read=None, redirect=None, status=None)) after connection broken by 'NewConnectionError('<urllib3.connection.HTTPConnection object at 0x00000218CD585BD0>: Failed to establish a new connection: [WinError 10061] No connection could be made because the target machine actively refused it')': /session/6b4020089ce62cfa84cc498146bb8a12
2025-06-06 09:54:19,484 - WARNING - Retrying (Retry(total=1, connect=None, read=None, redirect=None, status=None)) after connection broken by 'NewConnectionError('<urllib3.connection.HTTPConnection object at 0x00000218CD4D5350>: Failed to establish a new connection: [WinError 10061] No connection could be made because the target machine actively refused it')': /session/6b4020089ce62cfa84cc498146bb8a12
2025-06-06 09:54:24,071 - WARNING - Retrying (Retry(total=0, connect=None, read=None, redirect=None, status=None)) after connection broken by 'NewConnectionError('<urllib3.connection.HTTPConnection object at 0x00000218CD4D4FC0>: Failed to establish a new connection: [WinError 10061] No connection could be made because the target machine actively refused it')': /session/6b4020089ce62cfa84cc498146bb8a12
2025-06-06 09:54:28,147 - ERROR - Error in automation: Message: 
Stacktrace:
	GetHandleVerifier [0x0x7ff7fd31fea5+79173]
	GetHandleVerifier [0x0x7ff7fd31ff00+79264]
	(No symbol) [0x0x7ff7fd0d9e5a]
	(No symbol) [0x0x7ff7fd130586]
	(No symbol) [0x0x7ff7fd13083c]
	(No symbol) [0x0x7ff7fd184247]
	(No symbol) [0x0x7ff7fd1589af]
	(No symbol) [0x0x7ff7fd18100d]
	(No symbol) [0x0x7ff7fd158743]
	(No symbol) [0x0x7ff7fd1214c1]
	(No symbol) [0x0x7ff7fd122253]
	GetHandleVerifier [0x0x7ff7fd5ea2dd+3004797]
	GetHandleVerifier [0x0x7ff7fd5e472d+2981325]
	GetHandleVerifier [0x0x7ff7fd603380+3107360]
	GetHandleVerifier [0x0x7ff7fd33aa2e+188622]
	GetHandleVerifier [0x0x7ff7fd3422bf+219487]
	GetHandleVerifier [0x0x7ff7fd328df4+115860]
	GetHandleVerifier [0x0x7ff7fd328fa9+116297]
	GetHandleVerifier [0x0x7ff7fd30f558+11256]
	BaseThreadInitThunk [0x0x7ffc862f7374+20]
	RtlUserThreadStart [0x0x7ffc870bcc91+33]

2025-06-06 09:57:49,329 - INFO - Checking login status...
2025-06-06 09:58:07,414 - INFO - Already logged in - starting in headless mode
2025-06-06 09:58:22,271 - INFO - Successfully initialized headless mode
2025-06-06 10:04:41,481 - INFO - Message sent to 60145132535
2025-06-06 10:04:41,810 - INFO - Excel status updated: E:/blast/D'vine/D'vine Residence20_report.xlsx
2025-06-06 10:13:22,403 - INFO - Message sent to 60194814686
2025-06-06 10:13:22,707 - INFO - Excel status updated: E:/blast/D'vine/D'vine Residence20_report.xlsx
2025-06-06 10:14:06,110 - WARNING - Invalid phone number for 60165669527. Skipping.
2025-06-06 10:14:06,216 - INFO - Excel status updated: E:/blast/D'vine/D'vine Residence20_report.xlsx
2025-06-06 10:19:46,808 - INFO - Message sent to 601135779313
2025-06-06 10:19:47,140 - INFO - Excel status updated: E:/blast/D'vine/D'vine Residence20_report.xlsx
2025-06-06 10:20:09,762 - ERROR - Failed to load chat or detect error for 60166844069: Message: 
Stacktrace:
	GetHandleVerifier [0x0x7ff7fd31fea5+79173]
	GetHandleVerifier [0x0x7ff7fd31ff00+79264]
	(No symbol) [0x0x7ff7fd0d9e5a]
	(No symbol) [0x0x7ff7fd130586]
	(No symbol) [0x0x7ff7fd13083c]
	(No symbol) [0x0x7ff7fd184247]
	(No symbol) [0x0x7ff7fd1589af]
	(No symbol) [0x0x7ff7fd18100d]
	(No symbol) [0x0x7ff7fd158743]
	(No symbol) [0x0x7ff7fd1214c1]
	(No symbol) [0x0x7ff7fd122253]
	GetHandleVerifier [0x0x7ff7fd5ea2dd+3004797]
	GetHandleVerifier [0x0x7ff7fd5e472d+2981325]
	GetHandleVerifier [0x0x7ff7fd603380+3107360]
	GetHandleVerifier [0x0x7ff7fd33aa2e+188622]
	GetHandleVerifier [0x0x7ff7fd3422bf+219487]
	GetHandleVerifier [0x0x7ff7fd328df4+115860]
	GetHandleVerifier [0x0x7ff7fd328fa9+116297]
	GetHandleVerifier [0x0x7ff7fd30f558+11256]
	BaseThreadInitThunk [0x0x7ffc862f7374+20]
	RtlUserThreadStart [0x0x7ffc870bcc91+33]

2025-06-06 10:20:09,872 - INFO - Excel status updated: E:/blast/D'vine/D'vine Residence20_report.xlsx
2025-06-06 10:26:08,466 - INFO - Message sent to 60179859442
2025-06-06 10:26:08,774 - INFO - Excel status updated: E:/blast/D'vine/D'vine Residence20_report.xlsx
2025-06-06 10:26:25,443 - WARNING - Invalid phone number for 60102221522. Skipping.
2025-06-06 10:26:25,605 - INFO - Excel status updated: E:/blast/D'vine/D'vine Residence20_report.xlsx
2025-06-06 10:32:39,838 - INFO - Message sent to 60146602913
2025-06-06 10:32:40,148 - INFO - Excel status updated: E:/blast/D'vine/D'vine Residence20_report.xlsx
2025-06-06 10:39:29,033 - INFO - Message sent to 60149642573
2025-06-06 10:39:29,318 - INFO - Excel status updated: E:/blast/D'vine/D'vine Residence20_report.xlsx
2025-06-06 10:45:59,827 - INFO - Message sent to 60109827345
2025-06-06 10:45:59,949 - INFO - Excel status updated: E:/blast/D'vine/D'vine Residence20_report.xlsx
2025-06-06 10:53:29,012 - INFO - Message sent to 60174705279
2025-06-06 10:53:29,136 - INFO - Excel status updated: E:/blast/D'vine/D'vine Residence20_report.xlsx
2025-06-06 11:00:27,486 - INFO - Message sent to 60173471808
2025-06-06 11:00:27,773 - INFO - Excel status updated: E:/blast/D'vine/D'vine Residence20_report.xlsx
2025-06-06 11:05:59,902 - INFO - Message sent to 60123446970
2025-06-06 11:06:00,225 - INFO - Excel status updated: E:/blast/D'vine/D'vine Residence20_report.xlsx
2025-06-06 11:13:06,374 - INFO - Message sent to 60103885590
2025-06-06 11:13:06,701 - INFO - Excel status updated: E:/blast/D'vine/D'vine Residence20_report.xlsx
2025-06-06 11:19:08,384 - INFO - Message sent to 60173671220
2025-06-06 11:19:08,673 - INFO - Excel status updated: E:/blast/D'vine/D'vine Residence20_report.xlsx
2025-06-06 11:24:53,267 - INFO - Message sent to 60167648902
2025-06-06 11:24:53,403 - INFO - Excel status updated: E:/blast/D'vine/D'vine Residence20_report.xlsx
2025-06-06 11:32:53,464 - INFO - Message sent to 60166862338
2025-06-06 11:32:53,772 - INFO - Excel status updated: E:/blast/D'vine/D'vine Residence20_report.xlsx
2025-06-06 11:40:17,470 - INFO - Message sent to 60123003494
2025-06-06 11:40:17,763 - INFO - Excel status updated: E:/blast/D'vine/D'vine Residence20_report.xlsx
2025-06-06 11:46:45,453 - INFO - Message sent to 60175942971
2025-06-06 11:46:45,789 - INFO - Excel status updated: E:/blast/D'vine/D'vine Residence20_report.xlsx
2025-06-06 11:53:42,366 - INFO - Message sent to 60109829965
2025-06-06 11:53:42,692 - INFO - Excel status updated: E:/blast/D'vine/D'vine Residence20_report.xlsx
2025-06-06 12:00:23,258 - INFO - Message sent to 60176486012
2025-06-06 12:00:23,558 - INFO - Excel status updated: E:/blast/D'vine/D'vine Residence20_report.xlsx
2025-06-06 12:07:43,038 - INFO - Message sent to 60126057726
2025-06-06 12:07:43,235 - INFO - Excel status updated: E:/blast/D'vine/D'vine Residence20_report.xlsx
2025-06-06 12:14:46,094 - INFO - Message sent to 60102540717
2025-06-06 12:14:46,418 - INFO - Excel status updated: E:/blast/D'vine/D'vine Residence20_report.xlsx
2025-06-06 12:20:41,334 - INFO - Message sent to 60135844342
2025-06-06 12:20:41,659 - INFO - Excel status updated: E:/blast/D'vine/D'vine Residence20_report.xlsx
2025-06-06 12:28:23,006 - INFO - Message sent to 60177815318
2025-06-06 12:28:23,365 - INFO - Excel status updated: E:/blast/D'vine/D'vine Residence20_report.xlsx
2025-06-06 12:35:56,076 - INFO - Message sent to 60176514723
2025-06-06 12:35:56,454 - INFO - Excel status updated: E:/blast/D'vine/D'vine Residence20_report.xlsx
2025-06-06 12:42:55,813 - INFO - Message sent to 60167789422
2025-06-06 12:42:56,151 - INFO - Excel status updated: E:/blast/D'vine/D'vine Residence20_report.xlsx
2025-06-06 12:51:18,378 - INFO - Message sent to 60127095414
2025-06-06 12:51:18,679 - INFO - Excel status updated: E:/blast/D'vine/D'vine Residence20_report.xlsx
2025-06-06 12:56:54,048 - INFO - Message sent to 60172299744
2025-06-06 12:56:54,569 - INFO - Excel status updated: E:/blast/D'vine/D'vine Residence20_report.xlsx; Report generated: E:/blast/D'vine/D'vine Residence20_report.xlsx; Automation completed!
Report generated: E:/blast/D'vine/D'vine Residence20_report.xlsx
Total messages: 29
Successful: 26
Failed: 3
Success rate: 89.7%
Report saved as: E:/blast/D'vine/D'vine Residence20_report.xlsx
2025-06-06 12:57:36,623 - INFO - Checking login status...
2025-06-06 12:57:55,729 - INFO - Already logged in - starting in headless mode
2025-06-06 12:58:07,900 - INFO - Successfully initialized headless mode
2025-06-06 12:58:17,229 - WARNING - Invalid phone number for 60165669527. Skipping.
2025-06-06 12:58:17,342 - INFO - Excel status updated: E:/blast/D'vine/D'vine Residence20_report.xlsx
2025-06-06 13:05:41,508 - INFO - Message sent to 60166844069
2025-06-06 13:05:41,799 - INFO - Excel status updated: E:/blast/D'vine/D'vine Residence20_report.xlsx
2025-06-06 13:05:57,632 - WARNING - Invalid phone number for 60102221522. Skipping.
2025-06-06 13:05:57,848 - INFO - Excel status updated: E:/blast/D'vine/D'vine Residence20_report.xlsx; Report generated: E:/blast/D'vine/D'vine Residence20_report.xlsx; Automation completed!
Report generated: E:/blast/D'vine/D'vine Residence20_report.xlsx
Total messages: 29
Successful: 27
Failed: 2
Success rate: 93.1%
Report saved as: E:/blast/D'vine/D'vine Residence20_report.xlsx
2025-06-06 13:06:44,254 - INFO - Checking login status...
2025-06-06 13:06:59,138 - INFO - Already logged in - starting in headless mode
2025-06-06 13:07:10,938 - INFO - Successfully initialized headless mode
2025-06-06 13:15:21,825 - INFO - Message sent to 60176981880
2025-06-06 13:15:22,115 - INFO - Excel status updated: E:/blast/D'vine/D'vine Residence36_report.xlsx
2025-06-06 13:15:44,919 - ERROR - Failed to load chat or detect error for 60162585456: Message: 
Stacktrace:
	GetHandleVerifier [0x0x7ff7fd31fea5+79173]
	GetHandleVerifier [0x0x7ff7fd31ff00+79264]
	(No symbol) [0x0x7ff7fd0d9e5a]
	(No symbol) [0x0x7ff7fd130586]
	(No symbol) [0x0x7ff7fd13083c]
	(No symbol) [0x0x7ff7fd184247]
	(No symbol) [0x0x7ff7fd1589af]
	(No symbol) [0x0x7ff7fd18100d]
	(No symbol) [0x0x7ff7fd158743]
	(No symbol) [0x0x7ff7fd1214c1]
	(No symbol) [0x0x7ff7fd122253]
	GetHandleVerifier [0x0x7ff7fd5ea2dd+3004797]
	GetHandleVerifier [0x0x7ff7fd5e472d+2981325]
	GetHandleVerifier [0x0x7ff7fd603380+3107360]
	GetHandleVerifier [0x0x7ff7fd33aa2e+188622]
	GetHandleVerifier [0x0x7ff7fd3422bf+219487]
	GetHandleVerifier [0x0x7ff7fd328df4+115860]
	GetHandleVerifier [0x0x7ff7fd328fa9+116297]
	GetHandleVerifier [0x0x7ff7fd30f558+11256]
	BaseThreadInitThunk [0x0x7ffc862f7374+20]
	RtlUserThreadStart [0x0x7ffc870bcc91+33]

2025-06-06 13:15:45,027 - INFO - Excel status updated: E:/blast/D'vine/D'vine Residence36_report.xlsx
2025-06-06 13:22:49,145 - INFO - Message sent to 60143041160
2025-06-06 13:22:49,473 - INFO - Excel status updated: E:/blast/D'vine/D'vine Residence36_report.xlsx
2025-06-06 13:23:13,625 - ERROR - Failed to load chat or detect error for 60123818344: Message: 
Stacktrace:
	GetHandleVerifier [0x0x7ff7fd31fea5+79173]
	GetHandleVerifier [0x0x7ff7fd31ff00+79264]
	(No symbol) [0x0x7ff7fd0d9e5a]
	(No symbol) [0x0x7ff7fd130586]
	(No symbol) [0x0x7ff7fd13083c]
	(No symbol) [0x0x7ff7fd184247]
	(No symbol) [0x0x7ff7fd1589af]
	(No symbol) [0x0x7ff7fd18100d]
	(No symbol) [0x0x7ff7fd158743]
	(No symbol) [0x0x7ff7fd1214c1]
	(No symbol) [0x0x7ff7fd122253]
	GetHandleVerifier [0x0x7ff7fd5ea2dd+3004797]
	GetHandleVerifier [0x0x7ff7fd5e472d+2981325]
	GetHandleVerifier [0x0x7ff7fd603380+3107360]
	GetHandleVerifier [0x0x7ff7fd33aa2e+188622]
	GetHandleVerifier [0x0x7ff7fd3422bf+219487]
	GetHandleVerifier [0x0x7ff7fd328df4+115860]
	GetHandleVerifier [0x0x7ff7fd328fa9+116297]
	GetHandleVerifier [0x0x7ff7fd30f558+11256]
	BaseThreadInitThunk [0x0x7ffc862f7374+20]
	RtlUserThreadStart [0x0x7ffc870bcc91+33]

2025-06-06 13:23:13,818 - INFO - Excel status updated: E:/blast/D'vine/D'vine Residence36_report.xlsx
2025-06-06 13:23:35,395 - ERROR - Failed to load chat or detect error for 60123931689: Message: 
Stacktrace:
	GetHandleVerifier [0x0x7ff7fd31fea5+79173]
	GetHandleVerifier [0x0x7ff7fd31ff00+79264]
	(No symbol) [0x0x7ff7fd0d9e5a]
	(No symbol) [0x0x7ff7fd130586]
	(No symbol) [0x0x7ff7fd13083c]
	(No symbol) [0x0x7ff7fd184247]
	(No symbol) [0x0x7ff7fd1589af]
	(No symbol) [0x0x7ff7fd18100d]
	(No symbol) [0x0x7ff7fd158743]
	(No symbol) [0x0x7ff7fd1214c1]
	(No symbol) [0x0x7ff7fd122253]
	GetHandleVerifier [0x0x7ff7fd5ea2dd+3004797]
	GetHandleVerifier [0x0x7ff7fd5e472d+2981325]
	GetHandleVerifier [0x0x7ff7fd603380+3107360]
	GetHandleVerifier [0x0x7ff7fd33aa2e+188622]
	GetHandleVerifier [0x0x7ff7fd3422bf+219487]
	GetHandleVerifier [0x0x7ff7fd328df4+115860]
	GetHandleVerifier [0x0x7ff7fd328fa9+116297]
	GetHandleVerifier [0x0x7ff7fd30f558+11256]
	BaseThreadInitThunk [0x0x7ffc862f7374+20]
	RtlUserThreadStart [0x0x7ffc870bcc91+33]

2025-06-06 13:23:35,498 - INFO - Excel status updated: E:/blast/D'vine/D'vine Residence36_report.xlsx
2025-06-06 13:23:58,525 - ERROR - Failed to load chat or detect error for 60145223171: Message: 
Stacktrace:
	GetHandleVerifier [0x0x7ff7fd31fea5+79173]
	GetHandleVerifier [0x0x7ff7fd31ff00+79264]
	(No symbol) [0x0x7ff7fd0d9e5a]
	(No symbol) [0x0x7ff7fd130586]
	(No symbol) [0x0x7ff7fd13083c]
	(No symbol) [0x0x7ff7fd184247]
	(No symbol) [0x0x7ff7fd1589af]
	(No symbol) [0x0x7ff7fd18100d]
	(No symbol) [0x0x7ff7fd158743]
	(No symbol) [0x0x7ff7fd1214c1]
	(No symbol) [0x0x7ff7fd122253]
	GetHandleVerifier [0x0x7ff7fd5ea2dd+3004797]
	GetHandleVerifier [0x0x7ff7fd5e472d+2981325]
	GetHandleVerifier [0x0x7ff7fd603380+3107360]
	GetHandleVerifier [0x0x7ff7fd33aa2e+188622]
	GetHandleVerifier [0x0x7ff7fd3422bf+219487]
	GetHandleVerifier [0x0x7ff7fd328df4+115860]
	GetHandleVerifier [0x0x7ff7fd328fa9+116297]
	GetHandleVerifier [0x0x7ff7fd30f558+11256]
	BaseThreadInitThunk [0x0x7ffc862f7374+20]
	RtlUserThreadStart [0x0x7ffc870bcc91+33]

2025-06-06 13:23:58,682 - INFO - Excel status updated: E:/blast/D'vine/D'vine Residence36_report.xlsx
2025-06-06 13:29:57,836 - INFO - Message sent to 60173164468
2025-06-06 13:29:58,660 - INFO - Excel status updated: E:/blast/D'vine/D'vine Residence36_report.xlsx
2025-06-06 13:30:22,776 - ERROR - Failed to load chat or detect error for 60163791425: Message: 
Stacktrace:
	GetHandleVerifier [0x0x7ff7fd31fea5+79173]
	GetHandleVerifier [0x0x7ff7fd31ff00+79264]
	(No symbol) [0x0x7ff7fd0d9e5a]
	(No symbol) [0x0x7ff7fd130586]
	(No symbol) [0x0x7ff7fd13083c]
	(No symbol) [0x0x7ff7fd184247]
	(No symbol) [0x0x7ff7fd1589af]
	(No symbol) [0x0x7ff7fd18100d]
	(No symbol) [0x0x7ff7fd158743]
	(No symbol) [0x0x7ff7fd1214c1]
	(No symbol) [0x0x7ff7fd122253]
	GetHandleVerifier [0x0x7ff7fd5ea2dd+3004797]
	GetHandleVerifier [0x0x7ff7fd5e472d+2981325]
	GetHandleVerifier [0x0x7ff7fd603380+3107360]
	GetHandleVerifier [0x0x7ff7fd33aa2e+188622]
	GetHandleVerifier [0x0x7ff7fd3422bf+219487]
	GetHandleVerifier [0x0x7ff7fd328df4+115860]
	GetHandleVerifier [0x0x7ff7fd328fa9+116297]
	GetHandleVerifier [0x0x7ff7fd30f558+11256]
	BaseThreadInitThunk [0x0x7ffc862f7374+20]
	RtlUserThreadStart [0x0x7ffc870bcc91+33]

2025-06-06 13:30:22,891 - INFO - Excel status updated: E:/blast/D'vine/D'vine Residence36_report.xlsx
2025-06-06 13:36:07,940 - INFO - Message sent to 60133717349
2025-06-06 13:36:08,307 - INFO - Excel status updated: E:/blast/D'vine/D'vine Residence36_report.xlsx
2025-06-06 13:41:34,165 - INFO - Message sent to 60135830234
2025-06-06 13:41:34,545 - INFO - Excel status updated: E:/blast/D'vine/D'vine Residence36_report.xlsx
2025-06-06 13:42:00,213 - ERROR - Failed to load chat or detect error for 60123120138: Message: 
Stacktrace:
	GetHandleVerifier [0x0x7ff7fd31fea5+79173]
	GetHandleVerifier [0x0x7ff7fd31ff00+79264]
	(No symbol) [0x0x7ff7fd0d9e5a]
	(No symbol) [0x0x7ff7fd130586]
	(No symbol) [0x0x7ff7fd13083c]
	(No symbol) [0x0x7ff7fd184247]
	(No symbol) [0x0x7ff7fd1589af]
	(No symbol) [0x0x7ff7fd18100d]
	(No symbol) [0x0x7ff7fd158743]
	(No symbol) [0x0x7ff7fd1214c1]
	(No symbol) [0x0x7ff7fd122253]
	GetHandleVerifier [0x0x7ff7fd5ea2dd+3004797]
	GetHandleVerifier [0x0x7ff7fd5e472d+2981325]
	GetHandleVerifier [0x0x7ff7fd603380+3107360]
	GetHandleVerifier [0x0x7ff7fd33aa2e+188622]
	GetHandleVerifier [0x0x7ff7fd3422bf+219487]
	GetHandleVerifier [0x0x7ff7fd328df4+115860]
	GetHandleVerifier [0x0x7ff7fd328fa9+116297]
	GetHandleVerifier [0x0x7ff7fd30f558+11256]
	BaseThreadInitThunk [0x0x7ffc862f7374+20]
	RtlUserThreadStart [0x0x7ffc870bcc91+33]

2025-06-06 13:42:00,351 - INFO - Excel status updated: E:/blast/D'vine/D'vine Residence36_report.xlsx
2025-06-06 13:47:41,000 - INFO - Message sent to 601137826073
2025-06-06 13:47:41,331 - INFO - Excel status updated: E:/blast/D'vine/D'vine Residence36_report.xlsx
2025-06-06 13:48:05,132 - ERROR - Failed to load chat or detect error for 60102511992: Message: 
Stacktrace:
	GetHandleVerifier [0x0x7ff7fd31fea5+79173]
	GetHandleVerifier [0x0x7ff7fd31ff00+79264]
	(No symbol) [0x0x7ff7fd0d9e5a]
	(No symbol) [0x0x7ff7fd130586]
	(No symbol) [0x0x7ff7fd13083c]
	(No symbol) [0x0x7ff7fd184247]
	(No symbol) [0x0x7ff7fd1589af]
	(No symbol) [0x0x7ff7fd18100d]
	(No symbol) [0x0x7ff7fd158743]
	(No symbol) [0x0x7ff7fd1214c1]
	(No symbol) [0x0x7ff7fd122253]
	GetHandleVerifier [0x0x7ff7fd5ea2dd+3004797]
	GetHandleVerifier [0x0x7ff7fd5e472d+2981325]
	GetHandleVerifier [0x0x7ff7fd603380+3107360]
	GetHandleVerifier [0x0x7ff7fd33aa2e+188622]
	GetHandleVerifier [0x0x7ff7fd3422bf+219487]
	GetHandleVerifier [0x0x7ff7fd328df4+115860]
	GetHandleVerifier [0x0x7ff7fd328fa9+116297]
	GetHandleVerifier [0x0x7ff7fd30f558+11256]
	BaseThreadInitThunk [0x0x7ffc862f7374+20]
	RtlUserThreadStart [0x0x7ffc870bcc91+33]

2025-06-06 13:48:05,295 - INFO - Excel status updated: E:/blast/D'vine/D'vine Residence36_report.xlsx
2025-06-06 13:54:31,838 - INFO - Message sent to 60105285448
2025-06-06 13:54:32,186 - INFO - Excel status updated: E:/blast/D'vine/D'vine Residence36_report.xlsx
2025-06-06 14:00:54,576 - INFO - Message sent to 60133928011
2025-06-06 14:00:54,935 - INFO - Excel status updated: E:/blast/D'vine/D'vine Residence36_report.xlsx
2025-06-06 14:07:49,545 - INFO - Message sent to 60129646008
2025-06-06 14:07:49,948 - INFO - Excel status updated: E:/blast/D'vine/D'vine Residence36_report.xlsx
2025-06-06 14:13:11,668 - INFO - Message sent to 60168061163
2025-06-06 14:13:12,004 - INFO - Excel status updated: E:/blast/D'vine/D'vine Residence36_report.xlsx
2025-06-06 14:20:13,433 - INFO - Message sent to 60166010009
2025-06-06 14:20:13,751 - INFO - Excel status updated: E:/blast/D'vine/D'vine Residence36_report.xlsx
2025-06-06 14:27:38,658 - INFO - Message sent to 60102484169
2025-06-06 14:27:38,987 - INFO - Excel status updated: E:/blast/D'vine/D'vine Residence36_report.xlsx
2025-06-06 14:33:38,614 - INFO - Message sent to 60172648814
2025-06-06 14:33:38,947 - INFO - Excel status updated: E:/blast/D'vine/D'vine Residence36_report.xlsx
2025-06-06 14:42:01,413 - INFO - Message sent to 60178718147
2025-06-06 14:42:01,750 - INFO - Excel status updated: E:/blast/D'vine/D'vine Residence36_report.xlsx
2025-06-06 14:47:33,371 - INFO - Message sent to 60179048880
2025-06-06 14:47:33,702 - INFO - Excel status updated: E:/blast/D'vine/D'vine Residence36_report.xlsx
2025-06-06 14:53:32,555 - INFO - Message sent to 60172641686
2025-06-06 14:53:32,865 - INFO - Excel status updated: E:/blast/D'vine/D'vine Residence36_report.xlsx
2025-06-06 14:53:56,721 - ERROR - Failed to load chat or detect error for 60183908455: Message: 
Stacktrace:
	GetHandleVerifier [0x0x7ff7fd31fea5+79173]
	GetHandleVerifier [0x0x7ff7fd31ff00+79264]
	(No symbol) [0x0x7ff7fd0d9e5a]
	(No symbol) [0x0x7ff7fd130586]
	(No symbol) [0x0x7ff7fd13083c]
	(No symbol) [0x0x7ff7fd184247]
	(No symbol) [0x0x7ff7fd1589af]
	(No symbol) [0x0x7ff7fd18100d]
	(No symbol) [0x0x7ff7fd158743]
	(No symbol) [0x0x7ff7fd1214c1]
	(No symbol) [0x0x7ff7fd122253]
	GetHandleVerifier [0x0x7ff7fd5ea2dd+3004797]
	GetHandleVerifier [0x0x7ff7fd5e472d+2981325]
	GetHandleVerifier [0x0x7ff7fd603380+3107360]
	GetHandleVerifier [0x0x7ff7fd33aa2e+188622]
	GetHandleVerifier [0x0x7ff7fd3422bf+219487]
	GetHandleVerifier [0x0x7ff7fd328df4+115860]
	GetHandleVerifier [0x0x7ff7fd328fa9+116297]
	GetHandleVerifier [0x0x7ff7fd30f558+11256]
	BaseThreadInitThunk [0x0x7ffc862f7374+20]
	RtlUserThreadStart [0x0x7ffc870bcc91+33]

2025-06-06 14:53:56,845 - INFO - Excel status updated: E:/blast/D'vine/D'vine Residence36_report.xlsx
2025-06-06 15:01:08,765 - INFO - Message sent to 60126971668
2025-06-06 15:01:09,235 - INFO - Excel status updated: E:/blast/D'vine/D'vine Residence36_report.xlsx
2025-06-06 15:09:44,865 - INFO - Message sent to 60133412149
2025-06-06 15:09:45,185 - INFO - Excel status updated: E:/blast/D'vine/D'vine Residence36_report.xlsx
2025-06-06 15:17:15,721 - INFO - Message sent to 60126563831
2025-06-06 15:17:16,055 - INFO - Excel status updated: E:/blast/D'vine/D'vine Residence36_report.xlsx
2025-06-06 15:23:05,344 - INFO - Message sent to 60194813243
2025-06-06 15:23:05,500 - INFO - Excel status updated: E:/blast/D'vine/D'vine Residence36_report.xlsx
2025-06-06 15:30:39,865 - INFO - Message sent to 60193175684
2025-06-06 15:30:40,225 - INFO - Excel status updated: E:/blast/D'vine/D'vine Residence36_report.xlsx; Report generated: E:/blast/D'vine/D'vine Residence36_report.xlsx; Automation completed!
Report generated: E:/blast/D'vine/D'vine Residence36_report.xlsx
Total messages: 29
Successful: 21
Failed: 8
Success rate: 72.4%
Report saved as: E:/blast/D'vine/D'vine Residence36_report.xlsx
2025-06-06 15:31:17,343 - INFO - Checking login status...
2025-06-06 15:31:31,437 - INFO - Already logged in - starting in headless mode
2025-06-06 15:31:40,141 - INFO - Successfully initialized headless mode
2025-06-06 15:38:34,013 - INFO - Message sent to 60162585456
2025-06-06 15:38:34,297 - INFO - Excel status updated: E:/blast/D'vine/D'vine Residence36_report.xlsx
2025-06-06 15:45:26,412 - INFO - Message sent to 60123818344
2025-06-06 15:45:26,712 - INFO - Excel status updated: E:/blast/D'vine/D'vine Residence36_report.xlsx
2025-06-06 15:51:12,130 - INFO - Message sent to 60123931689
2025-06-06 15:51:12,454 - INFO - Excel status updated: E:/blast/D'vine/D'vine Residence36_report.xlsx
2025-06-06 15:57:52,519 - INFO - Message sent to 60145223171
2025-06-06 15:57:52,852 - INFO - Excel status updated: E:/blast/D'vine/D'vine Residence36_report.xlsx
2025-06-06 16:05:16,282 - INFO - Message sent to 60163791425
2025-06-06 16:05:16,591 - INFO - Excel status updated: E:/blast/D'vine/D'vine Residence36_report.xlsx
2025-06-06 16:12:35,545 - INFO - Message sent to 60123120138
2025-06-06 16:12:35,875 - INFO - Excel status updated: E:/blast/D'vine/D'vine Residence36_report.xlsx
2025-06-06 16:18:11,033 - INFO - Message sent to 60102511992
2025-06-06 16:18:11,368 - INFO - Excel status updated: E:/blast/D'vine/D'vine Residence36_report.xlsx
2025-06-06 16:23:28,052 - INFO - Message sent to 60183908455
2025-06-06 16:23:28,330 - INFO - Excel status updated: E:/blast/D'vine/D'vine Residence36_report.xlsx; Report generated: E:/blast/D'vine/D'vine Residence36_report.xlsx; Automation completed!
Report generated: E:/blast/D'vine/D'vine Residence36_report.xlsx
Total messages: 29
Successful: 29
Failed: 0
Success rate: 100.0%
Report saved as: E:/blast/D'vine/D'vine Residence36_report.xlsx
2025-06-09 09:16:58,035 - INFO - Checking login status...
2025-06-09 09:17:34,703 - INFO - Already logged in - starting in headless mode
2025-06-09 09:17:52,307 - INFO - Successfully initialized headless mode
2025-06-09 09:18:09,733 - ERROR - Failed to load chat or detect error for 60122023926: Message: 
Stacktrace:
	GetHandleVerifier [0x0x7ff78e6ffea5+79173]
	GetHandleVerifier [0x0x7ff78e6fff00+79264]
	(No symbol) [0x0x7ff78e4b9e5a]
	(No symbol) [0x0x7ff78e510586]
	(No symbol) [0x0x7ff78e51083c]
	(No symbol) [0x0x7ff78e564247]
	(No symbol) [0x0x7ff78e5389af]
	(No symbol) [0x0x7ff78e56100d]
	(No symbol) [0x0x7ff78e538743]
	(No symbol) [0x0x7ff78e5014c1]
	(No symbol) [0x0x7ff78e502253]
	GetHandleVerifier [0x0x7ff78e9ca2dd+3004797]
	GetHandleVerifier [0x0x7ff78e9c472d+2981325]
	GetHandleVerifier [0x0x7ff78e9e3380+3107360]
	GetHandleVerifier [0x0x7ff78e71aa2e+188622]
	GetHandleVerifier [0x0x7ff78e7222bf+219487]
	GetHandleVerifier [0x0x7ff78e708df4+115860]
	GetHandleVerifier [0x0x7ff78e708fa9+116297]
	GetHandleVerifier [0x0x7ff78e6ef558+11256]
	BaseThreadInitThunk [0x0x7ffc862f7374+20]
	RtlUserThreadStart [0x0x7ffc870bcc91+33]

2025-06-09 09:18:11,394 - INFO - Excel status updated: E:/blast/D'vine/D'vine Residence40_report.xlsx
2025-06-09 09:25:53,481 - INFO - Message sent to 60133337805
2025-06-09 09:25:53,595 - INFO - Excel status updated: E:/blast/D'vine/D'vine Residence40_report.xlsx
2025-06-09 09:33:38,846 - INFO - Message sent to 601114363677
2025-06-09 09:33:38,952 - INFO - Excel status updated: E:/blast/D'vine/D'vine Residence40_report.xlsx
2025-06-09 09:41:28,426 - INFO - Message sent to 60122663960
2025-06-09 09:41:28,542 - INFO - Excel status updated: E:/blast/D'vine/D'vine Residence40_report.xlsx
2025-06-09 09:47:22,322 - INFO - Message sent to 60136468323
2025-06-09 09:47:22,461 - INFO - Excel status updated: E:/blast/D'vine/D'vine Residence40_report.xlsx
2025-06-09 09:54:07,644 - INFO - Message sent to 60123053696
2025-06-09 09:54:07,959 - INFO - Excel status updated: E:/blast/D'vine/D'vine Residence40_report.xlsx
2025-06-09 10:02:40,708 - INFO - Message sent to 60133776786
2025-06-09 10:02:41,017 - INFO - Excel status updated: E:/blast/D'vine/D'vine Residence40_report.xlsx
2025-06-09 10:08:39,069 - INFO - Message sent to 601110728007
2025-06-09 10:08:39,387 - INFO - Excel status updated: E:/blast/D'vine/D'vine Residence40_report.xlsx
2025-06-09 10:14:57,782 - INFO - Message sent to 60133393285
2025-06-09 10:14:58,111 - INFO - Excel status updated: E:/blast/D'vine/D'vine Residence40_report.xlsx
2025-06-09 10:20:33,181 - INFO - Message sent to 60163948685
2025-06-09 10:20:33,492 - INFO - Excel status updated: E:/blast/D'vine/D'vine Residence40_report.xlsx
2025-06-09 10:28:09,767 - INFO - Message sent to 60126103654
2025-06-09 10:28:10,088 - INFO - Excel status updated: E:/blast/D'vine/D'vine Residence40_report.xlsx
2025-06-09 10:36:48,334 - INFO - Message sent to 60173918812
2025-06-09 10:36:48,647 - INFO - Excel status updated: E:/blast/D'vine/D'vine Residence40_report.xlsx
2025-06-09 10:43:01,449 - INFO - Message sent to 60166176378
2025-06-09 10:43:01,770 - INFO - Excel status updated: E:/blast/D'vine/D'vine Residence40_report.xlsx
2025-06-09 10:49:49,175 - INFO - Message sent to 60182030866
2025-06-09 10:49:49,528 - INFO - Excel status updated: E:/blast/D'vine/D'vine Residence40_report.xlsx
2025-06-09 10:55:18,348 - INFO - Message sent to 60129210866
2025-06-09 10:55:18,696 - INFO - Excel status updated: E:/blast/D'vine/D'vine Residence40_report.xlsx
2025-06-09 11:00:54,639 - INFO - Message sent to 60176340867
2025-06-09 11:00:54,966 - INFO - Excel status updated: E:/blast/D'vine/D'vine Residence40_report.xlsx
2025-06-09 11:08:23,791 - INFO - Message sent to 60169062826
2025-06-09 11:08:24,562 - INFO - Excel status updated: E:/blast/D'vine/D'vine Residence40_report.xlsx
2025-06-09 11:13:48,628 - INFO - Message sent to 60175231101
2025-06-09 11:13:48,950 - INFO - Excel status updated: E:/blast/D'vine/D'vine Residence40_report.xlsx
2025-06-09 11:19:18,938 - INFO - Message sent to 60135963393
2025-06-09 11:19:19,269 - INFO - Excel status updated: E:/blast/D'vine/D'vine Residence40_report.xlsx
2025-06-09 11:25:23,749 - INFO - Message sent to 60123962406
2025-06-09 11:25:24,051 - INFO - Excel status updated: E:/blast/D'vine/D'vine Residence40_report.xlsx
2025-06-09 11:33:19,600 - INFO - Message sent to 60132005768
2025-06-09 11:33:19,919 - INFO - Excel status updated: E:/blast/D'vine/D'vine Residence40_report.xlsx
2025-06-09 11:41:24,501 - INFO - Message sent to 60163487783
2025-06-09 11:41:24,825 - INFO - Excel status updated: E:/blast/D'vine/D'vine Residence40_report.xlsx
2025-06-09 11:47:18,331 - INFO - Message sent to 601132538151
2025-06-09 11:47:18,648 - INFO - Excel status updated: E:/blast/D'vine/D'vine Residence40_report.xlsx
2025-06-09 11:55:16,734 - INFO - Message sent to 60133602069
2025-06-09 11:55:17,069 - INFO - Excel status updated: E:/blast/D'vine/D'vine Residence40_report.xlsx
2025-06-09 12:02:55,824 - INFO - Message sent to 60145071748
2025-06-09 12:02:56,154 - INFO - Excel status updated: E:/blast/D'vine/D'vine Residence40_report.xlsx
2025-06-09 12:11:21,923 - INFO - Message sent to 60176577822
2025-06-09 12:11:22,265 - INFO - Excel status updated: E:/blast/D'vine/D'vine Residence40_report.xlsx
2025-06-09 12:17:07,845 - INFO - Message sent to 60137022608
2025-06-09 12:17:08,163 - INFO - Excel status updated: E:/blast/D'vine/D'vine Residence40_report.xlsx
2025-06-09 12:24:01,077 - INFO - Message sent to 601120080028
2025-06-09 12:24:01,482 - INFO - Excel status updated: E:/blast/D'vine/D'vine Residence40_report.xlsx
2025-06-09 12:30:26,674 - INFO - Message sent to 60166576368
2025-06-09 12:30:27,114 - INFO - Excel status updated: E:/blast/D'vine/D'vine Residence40_report.xlsx; Report generated: E:/blast/D'vine/D'vine Residence40_report.xlsx; Automation completed!
Report generated: E:/blast/D'vine/D'vine Residence40_report.xlsx
Total messages: 29
Successful: 28
Failed: 1
Success rate: 96.6%
Report saved as: E:/blast/D'vine/D'vine Residence40_report.xlsx
2025-06-09 12:37:27,731 - INFO - Checking login status...
2025-06-09 12:37:41,882 - INFO - Already logged in - starting in headless mode
2025-06-09 12:37:53,811 - INFO - Successfully initialized headless mode
2025-06-09 12:43:55,487 - INFO - Message sent to 60122023926
2025-06-09 12:43:55,939 - INFO - Excel status updated: E:/blast/D'vine/D'vine Residence40_report.xlsx; Report generated: E:/blast/D'vine/D'vine Residence40_report.xlsx; Automation completed!
Report generated: E:/blast/D'vine/D'vine Residence40_report.xlsx
Total messages: 29
Successful: 29
Failed: 0
Success rate: 100.0%
Report saved as: E:/blast/D'vine/D'vine Residence40_report.xlsx
2025-06-09 12:44:22,700 - INFO - Checking login status...
2025-06-09 12:44:34,296 - INFO - Already logged in - starting in headless mode
2025-06-09 12:44:48,234 - INFO - Successfully initialized headless mode
2025-06-09 12:51:51,177 - INFO - Message sent to 60166697689
2025-06-09 12:51:51,453 - INFO - Excel status updated: E:/blast/D'vine/D'vine Residence46_report.xlsx
2025-06-09 12:57:35,762 - INFO - Message sent to 60184602829
2025-06-09 12:57:36,112 - INFO - Excel status updated: E:/blast/D'vine/D'vine Residence46_report.xlsx
2025-06-09 12:57:59,203 - ERROR - Failed to load chat or detect error for 60122566607: Message: 
Stacktrace:
	GetHandleVerifier [0x0x7ff78e6ffea5+79173]
	GetHandleVerifier [0x0x7ff78e6fff00+79264]
	(No symbol) [0x0x7ff78e4b9e5a]
	(No symbol) [0x0x7ff78e510586]
	(No symbol) [0x0x7ff78e51083c]
	(No symbol) [0x0x7ff78e564247]
	(No symbol) [0x0x7ff78e5389af]
	(No symbol) [0x0x7ff78e56100d]
	(No symbol) [0x0x7ff78e538743]
	(No symbol) [0x0x7ff78e5014c1]
	(No symbol) [0x0x7ff78e502253]
	GetHandleVerifier [0x0x7ff78e9ca2dd+3004797]
	GetHandleVerifier [0x0x7ff78e9c472d+2981325]
	GetHandleVerifier [0x0x7ff78e9e3380+3107360]
	GetHandleVerifier [0x0x7ff78e71aa2e+188622]
	GetHandleVerifier [0x0x7ff78e7222bf+219487]
	GetHandleVerifier [0x0x7ff78e708df4+115860]
	GetHandleVerifier [0x0x7ff78e708fa9+116297]
	GetHandleVerifier [0x0x7ff78e6ef558+11256]
	BaseThreadInitThunk [0x0x7ffc862f7374+20]
	RtlUserThreadStart [0x0x7ffc870bcc91+33]

2025-06-09 12:57:59,343 - INFO - Excel status updated: E:/blast/D'vine/D'vine Residence46_report.xlsx
2025-06-09 13:04:06,977 - INFO - Message sent to 60168524091
2025-06-09 13:04:07,260 - INFO - Excel status updated: E:/blast/D'vine/D'vine Residence46_report.xlsx
2025-06-09 13:10:18,462 - INFO - Message sent to 601121594081
2025-06-09 13:10:18,761 - INFO - Excel status updated: E:/blast/D'vine/D'vine Residence46_report.xlsx
2025-06-09 13:17:43,946 - INFO - Message sent to 60182529053
2025-06-09 13:17:44,247 - INFO - Excel status updated: E:/blast/D'vine/D'vine Residence46_report.xlsx
2025-06-09 13:23:54,416 - INFO - Message sent to 60122008504
2025-06-09 13:23:54,740 - INFO - Excel status updated: E:/blast/D'vine/D'vine Residence46_report.xlsx
2025-06-09 13:30:13,948 - INFO - Message sent to 60123723753
2025-06-09 13:30:14,288 - INFO - Excel status updated: E:/blast/D'vine/D'vine Residence46_report.xlsx
2025-06-09 13:36:12,994 - INFO - Message sent to 60134052612
2025-06-09 13:36:13,327 - INFO - Excel status updated: E:/blast/D'vine/D'vine Residence46_report.xlsx
2025-06-09 13:44:41,882 - INFO - Message sent to 60165987626
2025-06-09 13:44:42,069 - INFO - Excel status updated: E:/blast/D'vine/D'vine Residence46_report.xlsx
2025-06-09 13:53:14,544 - INFO - Message sent to 60172574579
2025-06-09 13:53:14,890 - INFO - Excel status updated: E:/blast/D'vine/D'vine Residence46_report.xlsx
2025-06-09 14:01:29,274 - INFO - Message sent to 60123465492
2025-06-09 14:01:29,417 - INFO - Excel status updated: E:/blast/D'vine/D'vine Residence46_report.xlsx
2025-06-09 14:08:18,807 - INFO - Message sent to 60175668043
2025-06-09 14:08:19,077 - INFO - Excel status updated: E:/blast/D'vine/D'vine Residence46_report.xlsx
2025-06-09 14:14:32,664 - INFO - Message sent to 60177991772
2025-06-09 14:14:32,944 - INFO - Excel status updated: E:/blast/D'vine/D'vine Residence46_report.xlsx
2025-06-09 14:21:18,954 - INFO - Message sent to 601133570181
2025-06-09 14:21:19,231 - INFO - Excel status updated: E:/blast/D'vine/D'vine Residence46_report.xlsx
2025-06-09 14:29:09,053 - INFO - Message sent to 60164123869
2025-06-09 14:29:09,383 - INFO - Excel status updated: E:/blast/D'vine/D'vine Residence46_report.xlsx
2025-06-09 14:35:45,970 - INFO - Message sent to 60162241744
2025-06-09 14:35:46,292 - INFO - Excel status updated: E:/blast/D'vine/D'vine Residence46_report.xlsx
2025-06-09 14:43:57,173 - INFO - Message sent to 60123680373
2025-06-09 14:43:57,308 - INFO - Excel status updated: E:/blast/D'vine/D'vine Residence46_report.xlsx
2025-06-09 14:52:17,583 - INFO - Message sent to 60136097905
2025-06-09 14:52:17,939 - INFO - Excel status updated: E:/blast/D'vine/D'vine Residence46_report.xlsx
2025-06-09 15:00:16,696 - INFO - Message sent to 60148563121
2025-06-09 15:00:16,841 - INFO - Excel status updated: E:/blast/D'vine/D'vine Residence46_report.xlsx
2025-06-09 15:08:19,352 - INFO - Message sent to 60107782969
2025-06-09 15:08:19,677 - INFO - Excel status updated: E:/blast/D'vine/D'vine Residence46_report.xlsx
2025-06-09 15:16:30,263 - INFO - Message sent to 60134945653
2025-06-09 15:16:30,595 - INFO - Excel status updated: E:/blast/D'vine/D'vine Residence46_report.xlsx
2025-06-09 15:22:59,910 - INFO - Message sent to 60192987109
2025-06-09 15:23:00,230 - INFO - Excel status updated: E:/blast/D'vine/D'vine Residence46_report.xlsx
2025-06-09 15:29:32,486 - INFO - Message sent to 60146852567
2025-06-09 15:29:32,823 - INFO - Excel status updated: E:/blast/D'vine/D'vine Residence46_report.xlsx
2025-06-09 15:36:01,173 - INFO - Message sent to 60166264599
2025-06-09 15:36:01,557 - INFO - Excel status updated: E:/blast/D'vine/D'vine Residence46_report.xlsx
2025-06-09 15:41:56,837 - INFO - Message sent to 60179744699
2025-06-09 15:41:57,161 - INFO - Excel status updated: E:/blast/D'vine/D'vine Residence46_report.xlsx
2025-06-09 15:49:48,979 - INFO - Message sent to 60105521769
2025-06-09 15:49:49,322 - INFO - Excel status updated: E:/blast/D'vine/D'vine Residence46_report.xlsx
2025-06-09 15:55:38,050 - INFO - Message sent to 60179309626
2025-06-09 15:55:38,397 - INFO - Excel status updated: E:/blast/D'vine/D'vine Residence46_report.xlsx
2025-06-09 16:02:57,048 - INFO - Message sent to 60126816276
2025-06-09 16:02:57,469 - INFO - Excel status updated: E:/blast/D'vine/D'vine Residence46_report.xlsx; Report generated: E:/blast/D'vine/D'vine Residence46_report.xlsx; Automation completed!
Report generated: E:/blast/D'vine/D'vine Residence46_report.xlsx
Total messages: 29
Successful: 28
Failed: 1
Success rate: 96.6%
Report saved as: E:/blast/D'vine/D'vine Residence46_report.xlsx
2025-06-09 16:07:32,411 - INFO - Checking login status...
2025-06-09 16:07:49,537 - INFO - Already logged in - starting in headless mode
2025-06-09 16:08:01,969 - INFO - Successfully initialized headless mode
2025-06-09 16:15:25,759 - INFO - Message sent to 60122566607
2025-06-09 16:15:26,244 - INFO - Excel status updated: E:/blast/D'vine/D'vine Residence46_report.xlsx; Report generated: E:/blast/D'vine/D'vine Residence46_report.xlsx; Automation completed!
Report generated: E:/blast/D'vine/D'vine Residence46_report.xlsx
Total messages: 29
Successful: 29
Failed: 0
Success rate: 100.0%
Report saved as: E:/blast/D'vine/D'vine Residence46_report.xlsx
2025-06-10 08:41:12,750 - INFO - Checking login status...
2025-06-10 08:41:41,509 - INFO - Already logged in - starting in headless mode
2025-06-10 08:42:01,897 - INFO - Successfully initialized headless mode
2025-06-10 08:50:13,097 - INFO - Message sent to 60122300178
2025-06-10 08:50:13,395 - INFO - Excel status updated: E:/blast/D'vine/D'vine Residence1_report.xlsx
2025-06-10 08:50:36,138 - ERROR - Failed to load chat or detect error for 60139623436: Message: 
Stacktrace:
	GetHandleVerifier [0x0x7ff61099fea5+79173]
	GetHandleVerifier [0x0x7ff61099ff00+79264]
	(No symbol) [0x0x7ff610759e5a]
	(No symbol) [0x0x7ff6107b0586]
	(No symbol) [0x0x7ff6107b083c]
	(No symbol) [0x0x7ff610804247]
	(No symbol) [0x0x7ff6107d89af]
	(No symbol) [0x0x7ff61080100d]
	(No symbol) [0x0x7ff6107d8743]
	(No symbol) [0x0x7ff6107a14c1]
	(No symbol) [0x0x7ff6107a2253]
	GetHandleVerifier [0x0x7ff610c6a2dd+3004797]
	GetHandleVerifier [0x0x7ff610c6472d+2981325]
	GetHandleVerifier [0x0x7ff610c83380+3107360]
	GetHandleVerifier [0x0x7ff6109baa2e+188622]
	GetHandleVerifier [0x0x7ff6109c22bf+219487]
	GetHandleVerifier [0x0x7ff6109a8df4+115860]
	GetHandleVerifier [0x0x7ff6109a8fa9+116297]
	GetHandleVerifier [0x0x7ff61098f558+11256]
	BaseThreadInitThunk [0x0x7ffc862f7374+20]
	RtlUserThreadStart [0x0x7ffc870bcc91+33]

2025-06-10 08:50:36,242 - INFO - Excel status updated: E:/blast/D'vine/D'vine Residence1_report.xlsx
2025-06-10 08:56:52,374 - INFO - Message sent to 60183784344
2025-06-10 08:56:52,519 - INFO - Excel status updated: E:/blast/D'vine/D'vine Residence1_report.xlsx
2025-06-10 09:03:00,034 - INFO - Message sent to 60134538626
2025-06-10 09:03:00,320 - INFO - Excel status updated: E:/blast/D'vine/D'vine Residence1_report.xlsx
2025-06-10 09:11:34,786 - INFO - Message sent to 60143500160
2025-06-10 09:11:34,957 - INFO - Excel status updated: E:/blast/D'vine/D'vine Residence1_report.xlsx
2025-06-10 09:17:03,722 - INFO - Message sent to 60168826296
2025-06-10 09:17:04,027 - INFO - Excel status updated: E:/blast/D'vine/D'vine Residence1_report.xlsx
2025-06-10 09:17:24,940 - ERROR - Failed to load chat or detect error for 60183730262: Message: 
Stacktrace:
	GetHandleVerifier [0x0x7ff61099fea5+79173]
	GetHandleVerifier [0x0x7ff61099ff00+79264]
	(No symbol) [0x0x7ff610759e5a]
	(No symbol) [0x0x7ff6107b0586]
	(No symbol) [0x0x7ff6107b083c]
	(No symbol) [0x0x7ff610804247]
	(No symbol) [0x0x7ff6107d89af]
	(No symbol) [0x0x7ff61080100d]
	(No symbol) [0x0x7ff6107d8743]
	(No symbol) [0x0x7ff6107a14c1]
	(No symbol) [0x0x7ff6107a2253]
	GetHandleVerifier [0x0x7ff610c6a2dd+3004797]
	GetHandleVerifier [0x0x7ff610c6472d+2981325]
	GetHandleVerifier [0x0x7ff610c83380+3107360]
	GetHandleVerifier [0x0x7ff6109baa2e+188622]
	GetHandleVerifier [0x0x7ff6109c22bf+219487]
	GetHandleVerifier [0x0x7ff6109a8df4+115860]
	GetHandleVerifier [0x0x7ff6109a8fa9+116297]
	GetHandleVerifier [0x0x7ff61098f558+11256]
	BaseThreadInitThunk [0x0x7ffc862f7374+20]
	RtlUserThreadStart [0x0x7ffc870bcc91+33]

2025-06-10 09:17:25,057 - INFO - Excel status updated: E:/blast/D'vine/D'vine Residence1_report.xlsx
2025-06-10 09:23:59,170 - INFO - Message sent to 60168264768
2025-06-10 09:23:59,452 - INFO - Excel status updated: E:/blast/D'vine/D'vine Residence1_report.xlsx
2025-06-10 09:32:01,471 - INFO - Message sent to 60125287196
2025-06-10 09:32:01,768 - INFO - Excel status updated: E:/blast/D'vine/D'vine Residence1_report.xlsx
2025-06-10 09:39:48,199 - INFO - Message sent to 60133730840
2025-06-10 09:39:48,469 - INFO - Excel status updated: E:/blast/D'vine/D'vine Residence1_report.xlsx
2025-06-10 09:40:09,979 - ERROR - Failed to load chat or detect error for 60195342731: Message: 
Stacktrace:
	GetHandleVerifier [0x0x7ff61099fea5+79173]
	GetHandleVerifier [0x0x7ff61099ff00+79264]
	(No symbol) [0x0x7ff610759e5a]
	(No symbol) [0x0x7ff6107b0586]
	(No symbol) [0x0x7ff6107b083c]
	(No symbol) [0x0x7ff610804247]
	(No symbol) [0x0x7ff6107d89af]
	(No symbol) [0x0x7ff61080100d]
	(No symbol) [0x0x7ff6107d8743]
	(No symbol) [0x0x7ff6107a14c1]
	(No symbol) [0x0x7ff6107a2253]
	GetHandleVerifier [0x0x7ff610c6a2dd+3004797]
	GetHandleVerifier [0x0x7ff610c6472d+2981325]
	GetHandleVerifier [0x0x7ff610c83380+3107360]
	GetHandleVerifier [0x0x7ff6109baa2e+188622]
	GetHandleVerifier [0x0x7ff6109c22bf+219487]
	GetHandleVerifier [0x0x7ff6109a8df4+115860]
	GetHandleVerifier [0x0x7ff6109a8fa9+116297]
	GetHandleVerifier [0x0x7ff61098f558+11256]
	BaseThreadInitThunk [0x0x7ffc862f7374+20]
	RtlUserThreadStart [0x0x7ffc870bcc91+33]

2025-06-10 09:40:10,085 - INFO - Excel status updated: E:/blast/D'vine/D'vine Residence1_report.xlsx
2025-06-10 09:47:23,109 - INFO - Message sent to 60173413173
2025-06-10 09:47:23,440 - INFO - Excel status updated: E:/blast/D'vine/D'vine Residence1_report.xlsx
2025-06-10 09:47:46,263 - ERROR - Failed to load chat or detect error for 601131802163: Message: 
Stacktrace:
	GetHandleVerifier [0x0x7ff61099fea5+79173]
	GetHandleVerifier [0x0x7ff61099ff00+79264]
	(No symbol) [0x0x7ff610759e5a]
	(No symbol) [0x0x7ff6107b0586]
	(No symbol) [0x0x7ff6107b083c]
	(No symbol) [0x0x7ff610804247]
	(No symbol) [0x0x7ff6107d89af]
	(No symbol) [0x0x7ff61080100d]
	(No symbol) [0x0x7ff6107d8743]
	(No symbol) [0x0x7ff6107a14c1]
	(No symbol) [0x0x7ff6107a2253]
	GetHandleVerifier [0x0x7ff610c6a2dd+3004797]
	GetHandleVerifier [0x0x7ff610c6472d+2981325]
	GetHandleVerifier [0x0x7ff610c83380+3107360]
	GetHandleVerifier [0x0x7ff6109baa2e+188622]
	GetHandleVerifier [0x0x7ff6109c22bf+219487]
	GetHandleVerifier [0x0x7ff6109a8df4+115860]
	GetHandleVerifier [0x0x7ff6109a8fa9+116297]
	GetHandleVerifier [0x0x7ff61098f558+11256]
	BaseThreadInitThunk [0x0x7ffc862f7374+20]
	RtlUserThreadStart [0x0x7ffc870bcc91+33]

2025-06-10 09:47:46,404 - INFO - Excel status updated: E:/blast/D'vine/D'vine Residence1_report.xlsx
2025-06-10 09:53:49,263 - INFO - Message sent to 60139372448
2025-06-10 09:53:49,572 - INFO - Excel status updated: E:/blast/D'vine/D'vine Residence1_report.xlsx
2025-06-10 10:02:03,518 - INFO - Message sent to 60123497343
2025-06-10 10:02:03,650 - INFO - Excel status updated: E:/blast/D'vine/D'vine Residence1_report.xlsx
2025-06-10 10:02:24,808 - ERROR - Failed to load chat or detect error for 60123037212: Message: 
Stacktrace:
	GetHandleVerifier [0x0x7ff61099fea5+79173]
	GetHandleVerifier [0x0x7ff61099ff00+79264]
	(No symbol) [0x0x7ff610759e5a]
	(No symbol) [0x0x7ff6107b0586]
	(No symbol) [0x0x7ff6107b083c]
	(No symbol) [0x0x7ff610804247]
	(No symbol) [0x0x7ff6107d89af]
	(No symbol) [0x0x7ff61080100d]
	(No symbol) [0x0x7ff6107d8743]
	(No symbol) [0x0x7ff6107a14c1]
	(No symbol) [0x0x7ff6107a2253]
	GetHandleVerifier [0x0x7ff610c6a2dd+3004797]
	GetHandleVerifier [0x0x7ff610c6472d+2981325]
	GetHandleVerifier [0x0x7ff610c83380+3107360]
	GetHandleVerifier [0x0x7ff6109baa2e+188622]
	GetHandleVerifier [0x0x7ff6109c22bf+219487]
	GetHandleVerifier [0x0x7ff6109a8df4+115860]
	GetHandleVerifier [0x0x7ff6109a8fa9+116297]
	GetHandleVerifier [0x0x7ff61098f558+11256]
	BaseThreadInitThunk [0x0x7ffc862f7374+20]
	RtlUserThreadStart [0x0x7ffc870bcc91+33]

2025-06-10 10:02:25,014 - INFO - Excel status updated: E:/blast/D'vine/D'vine Residence1_report.xlsx
2025-06-10 10:02:47,646 - ERROR - Failed to load chat or detect error for 601129829986: Message: 
Stacktrace:
	GetHandleVerifier [0x0x7ff61099fea5+79173]
	GetHandleVerifier [0x0x7ff61099ff00+79264]
	(No symbol) [0x0x7ff610759e5a]
	(No symbol) [0x0x7ff6107b0586]
	(No symbol) [0x0x7ff6107b083c]
	(No symbol) [0x0x7ff610804247]
	(No symbol) [0x0x7ff6107d89af]
	(No symbol) [0x0x7ff61080100d]
	(No symbol) [0x0x7ff6107d8743]
	(No symbol) [0x0x7ff6107a14c1]
	(No symbol) [0x0x7ff6107a2253]
	GetHandleVerifier [0x0x7ff610c6a2dd+3004797]
	GetHandleVerifier [0x0x7ff610c6472d+2981325]
	GetHandleVerifier [0x0x7ff610c83380+3107360]
	GetHandleVerifier [0x0x7ff6109baa2e+188622]
	GetHandleVerifier [0x0x7ff6109c22bf+219487]
	GetHandleVerifier [0x0x7ff6109a8df4+115860]
	GetHandleVerifier [0x0x7ff6109a8fa9+116297]
	GetHandleVerifier [0x0x7ff61098f558+11256]
	BaseThreadInitThunk [0x0x7ffc862f7374+20]
	RtlUserThreadStart [0x0x7ffc870bcc91+33]

2025-06-10 10:02:47,788 - INFO - Excel status updated: E:/blast/D'vine/D'vine Residence1_report.xlsx
2025-06-10 10:03:09,511 - ERROR - Failed to load chat or detect error for 60169887449: Message: 
Stacktrace:
	GetHandleVerifier [0x0x7ff61099fea5+79173]
	GetHandleVerifier [0x0x7ff61099ff00+79264]
	(No symbol) [0x0x7ff610759e5a]
	(No symbol) [0x0x7ff6107b0586]
	(No symbol) [0x0x7ff6107b083c]
	(No symbol) [0x0x7ff610804247]
	(No symbol) [0x0x7ff6107d89af]
	(No symbol) [0x0x7ff61080100d]
	(No symbol) [0x0x7ff6107d8743]
	(No symbol) [0x0x7ff6107a14c1]
	(No symbol) [0x0x7ff6107a2253]
	GetHandleVerifier [0x0x7ff610c6a2dd+3004797]
	GetHandleVerifier [0x0x7ff610c6472d+2981325]
	GetHandleVerifier [0x0x7ff610c83380+3107360]
	GetHandleVerifier [0x0x7ff6109baa2e+188622]
	GetHandleVerifier [0x0x7ff6109c22bf+219487]
	GetHandleVerifier [0x0x7ff6109a8df4+115860]
	GetHandleVerifier [0x0x7ff6109a8fa9+116297]
	GetHandleVerifier [0x0x7ff61098f558+11256]
	BaseThreadInitThunk [0x0x7ffc862f7374+20]
	RtlUserThreadStart [0x0x7ffc870bcc91+33]

2025-06-10 10:03:09,614 - INFO - Excel status updated: E:/blast/D'vine/D'vine Residence1_report.xlsx
2025-06-10 10:03:32,949 - ERROR - Failed to load chat or detect error for 60172199460: Message: 
Stacktrace:
	GetHandleVerifier [0x0x7ff61099fea5+79173]
	GetHandleVerifier [0x0x7ff61099ff00+79264]
	(No symbol) [0x0x7ff610759e5a]
	(No symbol) [0x0x7ff6107b0586]
	(No symbol) [0x0x7ff6107b083c]
	(No symbol) [0x0x7ff610804247]
	(No symbol) [0x0x7ff6107d89af]
	(No symbol) [0x0x7ff61080100d]
	(No symbol) [0x0x7ff6107d8743]
	(No symbol) [0x0x7ff6107a14c1]
	(No symbol) [0x0x7ff6107a2253]
	GetHandleVerifier [0x0x7ff610c6a2dd+3004797]
	GetHandleVerifier [0x0x7ff610c6472d+2981325]
	GetHandleVerifier [0x0x7ff610c83380+3107360]
	GetHandleVerifier [0x0x7ff6109baa2e+188622]
	GetHandleVerifier [0x0x7ff6109c22bf+219487]
	GetHandleVerifier [0x0x7ff6109a8df4+115860]
	GetHandleVerifier [0x0x7ff6109a8fa9+116297]
	GetHandleVerifier [0x0x7ff61098f558+11256]
	BaseThreadInitThunk [0x0x7ffc862f7374+20]
	RtlUserThreadStart [0x0x7ffc870bcc91+33]

2025-06-10 10:03:33,067 - INFO - Excel status updated: E:/blast/D'vine/D'vine Residence1_report.xlsx
2025-06-10 10:10:33,016 - INFO - Message sent to 60175145626
2025-06-10 10:10:33,319 - INFO - Excel status updated: E:/blast/D'vine/D'vine Residence1_report.xlsx
2025-06-10 10:10:55,053 - ERROR - Failed to load chat or detect error for 60169390789: Message: 
Stacktrace:
	GetHandleVerifier [0x0x7ff61099fea5+79173]
	GetHandleVerifier [0x0x7ff61099ff00+79264]
	(No symbol) [0x0x7ff610759e5a]
	(No symbol) [0x0x7ff6107b0586]
	(No symbol) [0x0x7ff6107b083c]
	(No symbol) [0x0x7ff610804247]
	(No symbol) [0x0x7ff6107d89af]
	(No symbol) [0x0x7ff61080100d]
	(No symbol) [0x0x7ff6107d8743]
	(No symbol) [0x0x7ff6107a14c1]
	(No symbol) [0x0x7ff6107a2253]
	GetHandleVerifier [0x0x7ff610c6a2dd+3004797]
	GetHandleVerifier [0x0x7ff610c6472d+2981325]
	GetHandleVerifier [0x0x7ff610c83380+3107360]
	GetHandleVerifier [0x0x7ff6109baa2e+188622]
	GetHandleVerifier [0x0x7ff6109c22bf+219487]
	GetHandleVerifier [0x0x7ff6109a8df4+115860]
	GetHandleVerifier [0x0x7ff6109a8fa9+116297]
	GetHandleVerifier [0x0x7ff61098f558+11256]
	BaseThreadInitThunk [0x0x7ffc862f7374+20]
	RtlUserThreadStart [0x0x7ffc870bcc91+33]

2025-06-10 10:10:55,161 - INFO - Excel status updated: E:/blast/D'vine/D'vine Residence1_report.xlsx
2025-06-10 10:11:18,141 - ERROR - Failed to load chat or detect error for 60104603647: Message: 
Stacktrace:
	GetHandleVerifier [0x0x7ff61099fea5+79173]
	GetHandleVerifier [0x0x7ff61099ff00+79264]
	(No symbol) [0x0x7ff610759e5a]
	(No symbol) [0x0x7ff6107b0586]
	(No symbol) [0x0x7ff6107b083c]
	(No symbol) [0x0x7ff610804247]
	(No symbol) [0x0x7ff6107d89af]
	(No symbol) [0x0x7ff61080100d]
	(No symbol) [0x0x7ff6107d8743]
	(No symbol) [0x0x7ff6107a14c1]
	(No symbol) [0x0x7ff6107a2253]
	GetHandleVerifier [0x0x7ff610c6a2dd+3004797]
	GetHandleVerifier [0x0x7ff610c6472d+2981325]
	GetHandleVerifier [0x0x7ff610c83380+3107360]
	GetHandleVerifier [0x0x7ff6109baa2e+188622]
	GetHandleVerifier [0x0x7ff6109c22bf+219487]
	GetHandleVerifier [0x0x7ff6109a8df4+115860]
	GetHandleVerifier [0x0x7ff6109a8fa9+116297]
	GetHandleVerifier [0x0x7ff61098f558+11256]
	BaseThreadInitThunk [0x0x7ffc862f7374+20]
	RtlUserThreadStart [0x0x7ffc870bcc91+33]

2025-06-10 10:11:18,333 - INFO - Excel status updated: E:/blast/D'vine/D'vine Residence1_report.xlsx
2025-06-10 10:17:44,556 - INFO - Message sent to 601111240100
2025-06-10 10:17:44,900 - INFO - Excel status updated: E:/blast/D'vine/D'vine Residence1_report.xlsx
2025-06-10 10:18:06,713 - ERROR - Failed to load chat or detect error for 60192485044: Message: 
Stacktrace:
	GetHandleVerifier [0x0x7ff61099fea5+79173]
	GetHandleVerifier [0x0x7ff61099ff00+79264]
	(No symbol) [0x0x7ff610759e5a]
	(No symbol) [0x0x7ff6107b0586]
	(No symbol) [0x0x7ff6107b083c]
	(No symbol) [0x0x7ff610804247]
	(No symbol) [0x0x7ff6107d89af]
	(No symbol) [0x0x7ff61080100d]
	(No symbol) [0x0x7ff6107d8743]
	(No symbol) [0x0x7ff6107a14c1]
	(No symbol) [0x0x7ff6107a2253]
	GetHandleVerifier [0x0x7ff610c6a2dd+3004797]
	GetHandleVerifier [0x0x7ff610c6472d+2981325]
	GetHandleVerifier [0x0x7ff610c83380+3107360]
	GetHandleVerifier [0x0x7ff6109baa2e+188622]
	GetHandleVerifier [0x0x7ff6109c22bf+219487]
	GetHandleVerifier [0x0x7ff6109a8df4+115860]
	GetHandleVerifier [0x0x7ff6109a8fa9+116297]
	GetHandleVerifier [0x0x7ff61098f558+11256]
	BaseThreadInitThunk [0x0x7ffc862f7374+20]
	RtlUserThreadStart [0x0x7ffc870bcc91+33]

2025-06-10 10:18:06,859 - INFO - Excel status updated: E:/blast/D'vine/D'vine Residence1_report.xlsx
2025-06-10 10:18:28,053 - ERROR - Failed to load chat or detect error for 60125102087: Message: 
Stacktrace:
	GetHandleVerifier [0x0x7ff61099fea5+79173]
	GetHandleVerifier [0x0x7ff61099ff00+79264]
	(No symbol) [0x0x7ff610759e5a]
	(No symbol) [0x0x7ff6107b0586]
	(No symbol) [0x0x7ff6107b083c]
	(No symbol) [0x0x7ff610804247]
	(No symbol) [0x0x7ff6107d89af]
	(No symbol) [0x0x7ff61080100d]
	(No symbol) [0x0x7ff6107d8743]
	(No symbol) [0x0x7ff6107a14c1]
	(No symbol) [0x0x7ff6107a2253]
	GetHandleVerifier [0x0x7ff610c6a2dd+3004797]
	GetHandleVerifier [0x0x7ff610c6472d+2981325]
	GetHandleVerifier [0x0x7ff610c83380+3107360]
	GetHandleVerifier [0x0x7ff6109baa2e+188622]
	GetHandleVerifier [0x0x7ff6109c22bf+219487]
	GetHandleVerifier [0x0x7ff6109a8df4+115860]
	GetHandleVerifier [0x0x7ff6109a8fa9+116297]
	GetHandleVerifier [0x0x7ff61098f558+11256]
	BaseThreadInitThunk [0x0x7ffc862f7374+20]
	RtlUserThreadStart [0x0x7ffc870bcc91+33]

2025-06-10 10:18:28,165 - INFO - Excel status updated: E:/blast/D'vine/D'vine Residence1_report.xlsx
2025-06-10 10:18:49,821 - ERROR - Failed to load chat or detect error for 60197269600: Message: 
Stacktrace:
	GetHandleVerifier [0x0x7ff61099fea5+79173]
	GetHandleVerifier [0x0x7ff61099ff00+79264]
	(No symbol) [0x0x7ff610759e5a]
	(No symbol) [0x0x7ff6107b0586]
	(No symbol) [0x0x7ff6107b083c]
	(No symbol) [0x0x7ff610804247]
	(No symbol) [0x0x7ff6107d89af]
	(No symbol) [0x0x7ff61080100d]
	(No symbol) [0x0x7ff6107d8743]
	(No symbol) [0x0x7ff6107a14c1]
	(No symbol) [0x0x7ff6107a2253]
	GetHandleVerifier [0x0x7ff610c6a2dd+3004797]
	GetHandleVerifier [0x0x7ff610c6472d+2981325]
	GetHandleVerifier [0x0x7ff610c83380+3107360]
	GetHandleVerifier [0x0x7ff6109baa2e+188622]
	GetHandleVerifier [0x0x7ff6109c22bf+219487]
	GetHandleVerifier [0x0x7ff6109a8df4+115860]
	GetHandleVerifier [0x0x7ff6109a8fa9+116297]
	GetHandleVerifier [0x0x7ff61098f558+11256]
	BaseThreadInitThunk [0x0x7ffc862f7374+20]
	RtlUserThreadStart [0x0x7ffc870bcc91+33]

2025-06-10 10:18:49,966 - INFO - Excel status updated: E:/blast/D'vine/D'vine Residence1_report.xlsx
2025-06-10 10:19:11,170 - ERROR - Failed to load chat or detect error for 60172847607: Message: 
Stacktrace:
	GetHandleVerifier [0x0x7ff61099fea5+79173]
	GetHandleVerifier [0x0x7ff61099ff00+79264]
	(No symbol) [0x0x7ff610759e5a]
	(No symbol) [0x0x7ff6107b0586]
	(No symbol) [0x0x7ff6107b083c]
	(No symbol) [0x0x7ff610804247]
	(No symbol) [0x0x7ff6107d89af]
	(No symbol) [0x0x7ff61080100d]
	(No symbol) [0x0x7ff6107d8743]
	(No symbol) [0x0x7ff6107a14c1]
	(No symbol) [0x0x7ff6107a2253]
	GetHandleVerifier [0x0x7ff610c6a2dd+3004797]
	GetHandleVerifier [0x0x7ff610c6472d+2981325]
	GetHandleVerifier [0x0x7ff610c83380+3107360]
	GetHandleVerifier [0x0x7ff6109baa2e+188622]
	GetHandleVerifier [0x0x7ff6109c22bf+219487]
	GetHandleVerifier [0x0x7ff6109a8df4+115860]
	GetHandleVerifier [0x0x7ff6109a8fa9+116297]
	GetHandleVerifier [0x0x7ff61098f558+11256]
	BaseThreadInitThunk [0x0x7ffc862f7374+20]
	RtlUserThreadStart [0x0x7ffc870bcc91+33]

2025-06-10 10:19:11,288 - INFO - Excel status updated: E:/blast/D'vine/D'vine Residence1_report.xlsx
2025-06-10 10:19:27,571 - WARNING - Invalid phone number for 60196533350. Skipping.
2025-06-10 10:19:27,687 - INFO - Excel status updated: E:/blast/D'vine/D'vine Residence1_report.xlsx
2025-06-10 10:19:50,271 - ERROR - Failed to load chat or detect error for 60173459919: Message: 
Stacktrace:
	GetHandleVerifier [0x0x7ff61099fea5+79173]
	GetHandleVerifier [0x0x7ff61099ff00+79264]
	(No symbol) [0x0x7ff610759e5a]
	(No symbol) [0x0x7ff6107b0586]
	(No symbol) [0x0x7ff6107b083c]
	(No symbol) [0x0x7ff610804247]
	(No symbol) [0x0x7ff6107d89af]
	(No symbol) [0x0x7ff61080100d]
	(No symbol) [0x0x7ff6107d8743]
	(No symbol) [0x0x7ff6107a14c1]
	(No symbol) [0x0x7ff6107a2253]
	GetHandleVerifier [0x0x7ff610c6a2dd+3004797]
	GetHandleVerifier [0x0x7ff610c6472d+2981325]
	GetHandleVerifier [0x0x7ff610c83380+3107360]
	GetHandleVerifier [0x0x7ff6109baa2e+188622]
	GetHandleVerifier [0x0x7ff6109c22bf+219487]
	GetHandleVerifier [0x0x7ff6109a8df4+115860]
	GetHandleVerifier [0x0x7ff6109a8fa9+116297]
	GetHandleVerifier [0x0x7ff61098f558+11256]
	BaseThreadInitThunk [0x0x7ffc862f7374+20]
	RtlUserThreadStart [0x0x7ffc870bcc91+33]

2025-06-10 10:19:50,652 - INFO - Excel status updated: E:/blast/D'vine/D'vine Residence1_report.xlsx; Report generated: E:/blast/D'vine/D'vine Residence1_report.xlsx; Automation completed!
Report generated: E:/blast/D'vine/D'vine Residence1_report.xlsx
Total messages: 29
Successful: 13
Failed: 16
Success rate: 44.8%
Report saved as: E:/blast/D'vine/D'vine Residence1_report.xlsx
2025-06-10 10:20:45,158 - INFO - Checking login status...
2025-06-10 10:21:03,769 - INFO - Already logged in - starting in headless mode
2025-06-10 10:21:14,842 - INFO - Successfully initialized headless mode
2025-06-10 10:27:48,622 - INFO - Message sent to 60139623436
2025-06-10 10:27:48,928 - INFO - Excel status updated: E:/blast/D'vine/D'vine Residence1_report.xlsx
2025-06-10 10:35:23,725 - INFO - Message sent to 60183730262
2025-06-10 10:35:23,886 - INFO - Excel status updated: E:/blast/D'vine/D'vine Residence1_report.xlsx
2025-06-10 10:42:34,713 - INFO - Message sent to 60195342731
2025-06-10 10:42:35,010 - INFO - Excel status updated: E:/blast/D'vine/D'vine Residence1_report.xlsx
2025-06-10 10:48:18,635 - INFO - Message sent to 601131802163
2025-06-10 10:48:18,959 - INFO - Excel status updated: E:/blast/D'vine/D'vine Residence1_report.xlsx
2025-06-10 10:53:48,791 - INFO - Message sent to 60123037212
2025-06-10 10:53:49,091 - INFO - Excel status updated: E:/blast/D'vine/D'vine Residence1_report.xlsx
2025-06-10 11:00:16,156 - INFO - Message sent to 601129829986
2025-06-10 11:00:16,489 - INFO - Excel status updated: E:/blast/D'vine/D'vine Residence1_report.xlsx
2025-06-10 11:07:51,898 - INFO - Message sent to 60169887449
2025-06-10 11:07:52,063 - INFO - Excel status updated: E:/blast/D'vine/D'vine Residence1_report.xlsx
2025-06-10 11:15:51,094 - INFO - Message sent to 60172199460
2025-06-10 11:15:51,452 - INFO - Excel status updated: E:/blast/D'vine/D'vine Residence1_report.xlsx
2025-06-10 11:22:42,759 - INFO - Message sent to 60169390789
2025-06-10 11:22:43,075 - INFO - Excel status updated: E:/blast/D'vine/D'vine Residence1_report.xlsx
2025-06-10 11:29:24,446 - INFO - Message sent to 60104603647
2025-06-10 11:29:24,714 - INFO - Excel status updated: E:/blast/D'vine/D'vine Residence1_report.xlsx
2025-06-10 11:35:02,363 - INFO - Message sent to 60192485044
2025-06-10 11:35:02,693 - INFO - Excel status updated: E:/blast/D'vine/D'vine Residence1_report.xlsx
2025-06-10 11:41:31,553 - INFO - Message sent to 60125102087
2025-06-10 11:41:31,866 - INFO - Excel status updated: E:/blast/D'vine/D'vine Residence1_report.xlsx
2025-06-10 11:48:21,200 - INFO - Message sent to 60197269600
2025-06-10 11:48:21,512 - INFO - Excel status updated: E:/blast/D'vine/D'vine Residence1_report.xlsx
2025-06-10 11:56:09,112 - INFO - Message sent to 60172847607
2025-06-10 11:56:09,408 - INFO - Excel status updated: E:/blast/D'vine/D'vine Residence1_report.xlsx
2025-06-10 11:56:25,415 - WARNING - Invalid phone number for 60196533350. Skipping.
2025-06-10 11:56:25,553 - INFO - Excel status updated: E:/blast/D'vine/D'vine Residence1_report.xlsx
2025-06-10 12:02:03,576 - INFO - Message sent to 60173459919
2025-06-10 12:02:04,096 - INFO - Excel status updated: E:/blast/D'vine/D'vine Residence1_report.xlsx; Report generated: E:/blast/D'vine/D'vine Residence1_report.xlsx; Automation completed!
Report generated: E:/blast/D'vine/D'vine Residence1_report.xlsx
Total messages: 29
Successful: 28
Failed: 1
Success rate: 96.6%
Report saved as: E:/blast/D'vine/D'vine Residence1_report.xlsx
2025-06-10 12:06:31,262 - INFO - Checking login status...
2025-06-10 12:06:49,099 - INFO - Already logged in - starting in headless mode
2025-06-10 12:07:01,098 - INFO - Successfully initialized headless mode
2025-06-10 12:14:41,533 - INFO - Message sent to 60102092254
2025-06-10 12:14:41,773 - INFO - Excel status updated: E:/blast/D'vine/D'vine Residence9_report.xlsx
2025-06-10 12:21:58,409 - INFO - Message sent to 60126605364
2025-06-10 12:21:58,674 - INFO - Excel status updated: E:/blast/D'vine/D'vine Residence9_report.xlsx
2025-06-10 12:30:34,824 - INFO - Message sent to 60139460277
2025-06-10 12:30:35,138 - INFO - Excel status updated: E:/blast/D'vine/D'vine Residence9_report.xlsx
2025-06-10 12:38:11,302 - INFO - Message sent to 60145372311
2025-06-10 12:38:11,585 - INFO - Excel status updated: E:/blast/D'vine/D'vine Residence9_report.xlsx
2025-06-10 12:38:34,499 - ERROR - Failed to load chat or detect error for 60193484099: Message: 
Stacktrace:
	GetHandleVerifier [0x0x7ff61099fea5+79173]
	GetHandleVerifier [0x0x7ff61099ff00+79264]
	(No symbol) [0x0x7ff610759e5a]
	(No symbol) [0x0x7ff6107b0586]
	(No symbol) [0x0x7ff6107b083c]
	(No symbol) [0x0x7ff610804247]
	(No symbol) [0x0x7ff6107d89af]
	(No symbol) [0x0x7ff61080100d]
	(No symbol) [0x0x7ff6107d8743]
	(No symbol) [0x0x7ff6107a14c1]
	(No symbol) [0x0x7ff6107a2253]
	GetHandleVerifier [0x0x7ff610c6a2dd+3004797]
	GetHandleVerifier [0x0x7ff610c6472d+2981325]
	GetHandleVerifier [0x0x7ff610c83380+3107360]
	GetHandleVerifier [0x0x7ff6109baa2e+188622]
	GetHandleVerifier [0x0x7ff6109c22bf+219487]
	GetHandleVerifier [0x0x7ff6109a8df4+115860]
	GetHandleVerifier [0x0x7ff6109a8fa9+116297]
	GetHandleVerifier [0x0x7ff61098f558+11256]
	BaseThreadInitThunk [0x0x7ffc862f7374+20]
	RtlUserThreadStart [0x0x7ffc870bcc91+33]

2025-06-10 12:38:34,625 - INFO - Excel status updated: E:/blast/D'vine/D'vine Residence9_report.xlsx
2025-06-10 12:44:47,510 - INFO - Message sent to 60163413436
2025-06-10 12:44:47,822 - INFO - Excel status updated: E:/blast/D'vine/D'vine Residence9_report.xlsx
2025-06-10 12:45:04,011 - WARNING - Invalid phone number for 60127492368. Skipping.
2025-06-10 12:45:04,113 - INFO - Excel status updated: E:/blast/D'vine/D'vine Residence9_report.xlsx
2025-06-10 12:50:45,740 - INFO - Message sent to 60177508795
2025-06-10 12:50:46,035 - INFO - Excel status updated: E:/blast/D'vine/D'vine Residence9_report.xlsx
2025-06-10 12:57:10,512 - INFO - Message sent to 60165794369
2025-06-10 12:57:11,004 - INFO - Excel status updated: E:/blast/D'vine/D'vine Residence9_report.xlsx
2025-06-10 13:05:08,276 - INFO - Message sent to 60196545650
2025-06-10 13:05:08,578 - INFO - Excel status updated: E:/blast/D'vine/D'vine Residence9_report.xlsx
2025-06-10 13:11:43,200 - INFO - Message sent to 60122672403
2025-06-10 13:11:44,304 - INFO - Excel status updated: E:/blast/D'vine/D'vine Residence9_report.xlsx
2025-06-10 13:19:02,249 - INFO - Message sent to 601164188616
2025-06-10 13:19:02,588 - INFO - Excel status updated: E:/blast/D'vine/D'vine Residence9_report.xlsx
2025-06-10 13:26:46,741 - INFO - Message sent to 601116501346
2025-06-10 13:26:47,025 - INFO - Excel status updated: E:/blast/D'vine/D'vine Residence9_report.xlsx
2025-06-10 13:27:08,405 - ERROR - Failed to load chat or detect error for 60132066699: Message: 
Stacktrace:
	GetHandleVerifier [0x0x7ff61099fea5+79173]
	GetHandleVerifier [0x0x7ff61099ff00+79264]
	(No symbol) [0x0x7ff610759e5a]
	(No symbol) [0x0x7ff6107b0586]
	(No symbol) [0x0x7ff6107b083c]
	(No symbol) [0x0x7ff610804247]
	(No symbol) [0x0x7ff6107d89af]
	(No symbol) [0x0x7ff61080100d]
	(No symbol) [0x0x7ff6107d8743]
	(No symbol) [0x0x7ff6107a14c1]
	(No symbol) [0x0x7ff6107a2253]
	GetHandleVerifier [0x0x7ff610c6a2dd+3004797]
	GetHandleVerifier [0x0x7ff610c6472d+2981325]
	GetHandleVerifier [0x0x7ff610c83380+3107360]
	GetHandleVerifier [0x0x7ff6109baa2e+188622]
	GetHandleVerifier [0x0x7ff6109c22bf+219487]
	GetHandleVerifier [0x0x7ff6109a8df4+115860]
	GetHandleVerifier [0x0x7ff6109a8fa9+116297]
	GetHandleVerifier [0x0x7ff61098f558+11256]
	BaseThreadInitThunk [0x0x7ffc862f7374+20]
	RtlUserThreadStart [0x0x7ffc870bcc91+33]

2025-06-10 13:27:08,508 - INFO - Excel status updated: E:/blast/D'vine/D'vine Residence9_report.xlsx
2025-06-10 13:27:30,779 - ERROR - Failed to load chat or detect error for 60196495924: Message: 
Stacktrace:
	GetHandleVerifier [0x0x7ff61099fea5+79173]
	GetHandleVerifier [0x0x7ff61099ff00+79264]
	(No symbol) [0x0x7ff610759e5a]
	(No symbol) [0x0x7ff6107b0586]
	(No symbol) [0x0x7ff6107b083c]
	(No symbol) [0x0x7ff610804247]
	(No symbol) [0x0x7ff6107d89af]
	(No symbol) [0x0x7ff61080100d]
	(No symbol) [0x0x7ff6107d8743]
	(No symbol) [0x0x7ff6107a14c1]
	(No symbol) [0x0x7ff6107a2253]
	GetHandleVerifier [0x0x7ff610c6a2dd+3004797]
	GetHandleVerifier [0x0x7ff610c6472d+2981325]
	GetHandleVerifier [0x0x7ff610c83380+3107360]
	GetHandleVerifier [0x0x7ff6109baa2e+188622]
	GetHandleVerifier [0x0x7ff6109c22bf+219487]
	GetHandleVerifier [0x0x7ff6109a8df4+115860]
	GetHandleVerifier [0x0x7ff6109a8fa9+116297]
	GetHandleVerifier [0x0x7ff61098f558+11256]
	BaseThreadInitThunk [0x0x7ffc862f7374+20]
	RtlUserThreadStart [0x0x7ffc870bcc91+33]

2025-06-10 13:27:30,913 - INFO - Excel status updated: E:/blast/D'vine/D'vine Residence9_report.xlsx
2025-06-10 13:27:54,824 - ERROR - Failed to load chat or detect error for 60174749187: Message: 
Stacktrace:
	GetHandleVerifier [0x0x7ff61099fea5+79173]
	GetHandleVerifier [0x0x7ff61099ff00+79264]
	(No symbol) [0x0x7ff610759e5a]
	(No symbol) [0x0x7ff6107b0586]
	(No symbol) [0x0x7ff6107b083c]
	(No symbol) [0x0x7ff610804247]
	(No symbol) [0x0x7ff6107d89af]
	(No symbol) [0x0x7ff61080100d]
	(No symbol) [0x0x7ff6107d8743]
	(No symbol) [0x0x7ff6107a14c1]
	(No symbol) [0x0x7ff6107a2253]
	GetHandleVerifier [0x0x7ff610c6a2dd+3004797]
	GetHandleVerifier [0x0x7ff610c6472d+2981325]
	GetHandleVerifier [0x0x7ff610c83380+3107360]
	GetHandleVerifier [0x0x7ff6109baa2e+188622]
	GetHandleVerifier [0x0x7ff6109c22bf+219487]
	GetHandleVerifier [0x0x7ff6109a8df4+115860]
	GetHandleVerifier [0x0x7ff6109a8fa9+116297]
	GetHandleVerifier [0x0x7ff61098f558+11256]
	BaseThreadInitThunk [0x0x7ffc862f7374+20]
	RtlUserThreadStart [0x0x7ffc870bcc91+33]

2025-06-10 13:27:55,076 - INFO - Excel status updated: E:/blast/D'vine/D'vine Residence9_report.xlsx
2025-06-10 13:28:17,312 - ERROR - Failed to load chat or detect error for 60182653557: Message: 
Stacktrace:
	GetHandleVerifier [0x0x7ff61099fea5+79173]
	GetHandleVerifier [0x0x7ff61099ff00+79264]
	(No symbol) [0x0x7ff610759e5a]
	(No symbol) [0x0x7ff6107b0586]
	(No symbol) [0x0x7ff6107b083c]
	(No symbol) [0x0x7ff610804247]
	(No symbol) [0x0x7ff6107d89af]
	(No symbol) [0x0x7ff61080100d]
	(No symbol) [0x0x7ff6107d8743]
	(No symbol) [0x0x7ff6107a14c1]
	(No symbol) [0x0x7ff6107a2253]
	GetHandleVerifier [0x0x7ff610c6a2dd+3004797]
	GetHandleVerifier [0x0x7ff610c6472d+2981325]
	GetHandleVerifier [0x0x7ff610c83380+3107360]
	GetHandleVerifier [0x0x7ff6109baa2e+188622]
	GetHandleVerifier [0x0x7ff6109c22bf+219487]
	GetHandleVerifier [0x0x7ff6109a8df4+115860]
	GetHandleVerifier [0x0x7ff6109a8fa9+116297]
	GetHandleVerifier [0x0x7ff61098f558+11256]
	BaseThreadInitThunk [0x0x7ffc862f7374+20]
	RtlUserThreadStart [0x0x7ffc870bcc91+33]

2025-06-10 13:28:17,466 - INFO - Excel status updated: E:/blast/D'vine/D'vine Residence9_report.xlsx
2025-06-10 13:35:53,715 - INFO - Message sent to 60182408002
2025-06-10 13:35:54,035 - INFO - Excel status updated: E:/blast/D'vine/D'vine Residence9_report.xlsx
2025-06-10 13:36:15,779 - ERROR - Failed to load chat or detect error for 60183576224: Message: 
Stacktrace:
	GetHandleVerifier [0x0x7ff61099fea5+79173]
	GetHandleVerifier [0x0x7ff61099ff00+79264]
	(No symbol) [0x0x7ff610759e5a]
	(No symbol) [0x0x7ff6107b0586]
	(No symbol) [0x0x7ff6107b083c]
	(No symbol) [0x0x7ff610804247]
	(No symbol) [0x0x7ff6107d89af]
	(No symbol) [0x0x7ff61080100d]
	(No symbol) [0x0x7ff6107d8743]
	(No symbol) [0x0x7ff6107a14c1]
	(No symbol) [0x0x7ff6107a2253]
	GetHandleVerifier [0x0x7ff610c6a2dd+3004797]
	GetHandleVerifier [0x0x7ff610c6472d+2981325]
	GetHandleVerifier [0x0x7ff610c83380+3107360]
	GetHandleVerifier [0x0x7ff6109baa2e+188622]
	GetHandleVerifier [0x0x7ff6109c22bf+219487]
	GetHandleVerifier [0x0x7ff6109a8df4+115860]
	GetHandleVerifier [0x0x7ff6109a8fa9+116297]
	GetHandleVerifier [0x0x7ff61098f558+11256]
	BaseThreadInitThunk [0x0x7ffc862f7374+20]
	RtlUserThreadStart [0x0x7ffc870bcc91+33]

2025-06-10 13:36:15,912 - INFO - Excel status updated: E:/blast/D'vine/D'vine Residence9_report.xlsx
2025-06-10 13:36:37,999 - ERROR - Failed to load chat or detect error for 60123672683: Message: 
Stacktrace:
	GetHandleVerifier [0x0x7ff61099fea5+79173]
	GetHandleVerifier [0x0x7ff61099ff00+79264]
	(No symbol) [0x0x7ff610759e5a]
	(No symbol) [0x0x7ff6107b0586]
	(No symbol) [0x0x7ff6107b083c]
	(No symbol) [0x0x7ff610804247]
	(No symbol) [0x0x7ff6107d89af]
	(No symbol) [0x0x7ff61080100d]
	(No symbol) [0x0x7ff6107d8743]
	(No symbol) [0x0x7ff6107a14c1]
	(No symbol) [0x0x7ff6107a2253]
	GetHandleVerifier [0x0x7ff610c6a2dd+3004797]
	GetHandleVerifier [0x0x7ff610c6472d+2981325]
	GetHandleVerifier [0x0x7ff610c83380+3107360]
	GetHandleVerifier [0x0x7ff6109baa2e+188622]
	GetHandleVerifier [0x0x7ff6109c22bf+219487]
	GetHandleVerifier [0x0x7ff6109a8df4+115860]
	GetHandleVerifier [0x0x7ff6109a8fa9+116297]
	GetHandleVerifier [0x0x7ff61098f558+11256]
	BaseThreadInitThunk [0x0x7ffc862f7374+20]
	RtlUserThreadStart [0x0x7ffc870bcc91+33]

2025-06-10 13:36:38,104 - INFO - Excel status updated: E:/blast/D'vine/D'vine Residence9_report.xlsx
2025-06-10 13:43:26,805 - INFO - Message sent to 60123842046
2025-06-10 13:43:27,141 - INFO - Excel status updated: E:/blast/D'vine/D'vine Residence9_report.xlsx
2025-06-10 13:50:23,656 - INFO - Message sent to 60126698845
2025-06-10 13:50:24,003 - INFO - Excel status updated: E:/blast/D'vine/D'vine Residence9_report.xlsx
2025-06-10 13:50:46,363 - ERROR - Failed to load chat or detect error for 60108682526: Message: 
Stacktrace:
	GetHandleVerifier [0x0x7ff61099fea5+79173]
	GetHandleVerifier [0x0x7ff61099ff00+79264]
	(No symbol) [0x0x7ff610759e5a]
	(No symbol) [0x0x7ff6107b0586]
	(No symbol) [0x0x7ff6107b083c]
	(No symbol) [0x0x7ff610804247]
	(No symbol) [0x0x7ff6107d89af]
	(No symbol) [0x0x7ff61080100d]
	(No symbol) [0x0x7ff6107d8743]
	(No symbol) [0x0x7ff6107a14c1]
	(No symbol) [0x0x7ff6107a2253]
	GetHandleVerifier [0x0x7ff610c6a2dd+3004797]
	GetHandleVerifier [0x0x7ff610c6472d+2981325]
	GetHandleVerifier [0x0x7ff610c83380+3107360]
	GetHandleVerifier [0x0x7ff6109baa2e+188622]
	GetHandleVerifier [0x0x7ff6109c22bf+219487]
	GetHandleVerifier [0x0x7ff6109a8df4+115860]
	GetHandleVerifier [0x0x7ff6109a8fa9+116297]
	GetHandleVerifier [0x0x7ff61098f558+11256]
	BaseThreadInitThunk [0x0x7ffc862f7374+20]
	RtlUserThreadStart [0x0x7ffc870bcc91+33]

2025-06-10 13:50:46,500 - INFO - Excel status updated: E:/blast/D'vine/D'vine Residence9_report.xlsx
2025-06-10 13:57:44,640 - INFO - Message sent to 601126733009
2025-06-10 13:57:44,952 - INFO - Excel status updated: E:/blast/D'vine/D'vine Residence9_report.xlsx
2025-06-10 14:03:22,368 - INFO - Message sent to 60193261010
2025-06-10 14:03:22,704 - INFO - Excel status updated: E:/blast/D'vine/D'vine Residence9_report.xlsx
2025-06-10 14:03:46,662 - ERROR - Failed to load chat or detect error for 60124933743: Message: 
Stacktrace:
	GetHandleVerifier [0x0x7ff61099fea5+79173]
	GetHandleVerifier [0x0x7ff61099ff00+79264]
	(No symbol) [0x0x7ff610759e5a]
	(No symbol) [0x0x7ff6107b0586]
	(No symbol) [0x0x7ff6107b083c]
	(No symbol) [0x0x7ff610804247]
	(No symbol) [0x0x7ff6107d89af]
	(No symbol) [0x0x7ff61080100d]
	(No symbol) [0x0x7ff6107d8743]
	(No symbol) [0x0x7ff6107a14c1]
	(No symbol) [0x0x7ff6107a2253]
	GetHandleVerifier [0x0x7ff610c6a2dd+3004797]
	GetHandleVerifier [0x0x7ff610c6472d+2981325]
	GetHandleVerifier [0x0x7ff610c83380+3107360]
	GetHandleVerifier [0x0x7ff6109baa2e+188622]
	GetHandleVerifier [0x0x7ff6109c22bf+219487]
	GetHandleVerifier [0x0x7ff6109a8df4+115860]
	GetHandleVerifier [0x0x7ff6109a8fa9+116297]
	GetHandleVerifier [0x0x7ff61098f558+11256]
	BaseThreadInitThunk [0x0x7ffc862f7374+20]
	RtlUserThreadStart [0x0x7ffc870bcc91+33]

2025-06-10 14:03:46,830 - INFO - Excel status updated: E:/blast/D'vine/D'vine Residence9_report.xlsx
2025-06-10 14:10:06,668 - INFO - Message sent to 60136405804
2025-06-10 14:10:07,000 - INFO - Excel status updated: E:/blast/D'vine/D'vine Residence9_report.xlsx
2025-06-10 14:10:28,079 - ERROR - Failed to load chat or detect error for 60172182031: Message: 
Stacktrace:
	GetHandleVerifier [0x0x7ff61099fea5+79173]
	GetHandleVerifier [0x0x7ff61099ff00+79264]
	(No symbol) [0x0x7ff610759e5a]
	(No symbol) [0x0x7ff6107b0586]
	(No symbol) [0x0x7ff6107b083c]
	(No symbol) [0x0x7ff610804247]
	(No symbol) [0x0x7ff6107d89af]
	(No symbol) [0x0x7ff61080100d]
	(No symbol) [0x0x7ff6107d8743]
	(No symbol) [0x0x7ff6107a14c1]
	(No symbol) [0x0x7ff6107a2253]
	GetHandleVerifier [0x0x7ff610c6a2dd+3004797]
	GetHandleVerifier [0x0x7ff610c6472d+2981325]
	GetHandleVerifier [0x0x7ff610c83380+3107360]
	GetHandleVerifier [0x0x7ff6109baa2e+188622]
	GetHandleVerifier [0x0x7ff6109c22bf+219487]
	GetHandleVerifier [0x0x7ff6109a8df4+115860]
	GetHandleVerifier [0x0x7ff6109a8fa9+116297]
	GetHandleVerifier [0x0x7ff61098f558+11256]
	BaseThreadInitThunk [0x0x7ffc862f7374+20]
	RtlUserThreadStart [0x0x7ffc870bcc91+33]

2025-06-10 14:10:28,189 - INFO - Excel status updated: E:/blast/D'vine/D'vine Residence9_report.xlsx
2025-06-10 14:10:50,649 - ERROR - Failed to load chat or detect error for 60127274334: Message: 
Stacktrace:
	GetHandleVerifier [0x0x7ff61099fea5+79173]
	GetHandleVerifier [0x0x7ff61099ff00+79264]
	(No symbol) [0x0x7ff610759e5a]
	(No symbol) [0x0x7ff6107b0586]
	(No symbol) [0x0x7ff6107b083c]
	(No symbol) [0x0x7ff610804247]
	(No symbol) [0x0x7ff6107d89af]
	(No symbol) [0x0x7ff61080100d]
	(No symbol) [0x0x7ff6107d8743]
	(No symbol) [0x0x7ff6107a14c1]
	(No symbol) [0x0x7ff6107a2253]
	GetHandleVerifier [0x0x7ff610c6a2dd+3004797]
	GetHandleVerifier [0x0x7ff610c6472d+2981325]
	GetHandleVerifier [0x0x7ff610c83380+3107360]
	GetHandleVerifier [0x0x7ff6109baa2e+188622]
	GetHandleVerifier [0x0x7ff6109c22bf+219487]
	GetHandleVerifier [0x0x7ff6109a8df4+115860]
	GetHandleVerifier [0x0x7ff6109a8fa9+116297]
	GetHandleVerifier [0x0x7ff61098f558+11256]
	BaseThreadInitThunk [0x0x7ffc862f7374+20]
	RtlUserThreadStart [0x0x7ffc870bcc91+33]

2025-06-10 14:10:50,892 - INFO - Excel status updated: E:/blast/D'vine/D'vine Residence9_report.xlsx; Report generated: E:/blast/D'vine/D'vine Residence9_report.xlsx; Automation completed!
Report generated: E:/blast/D'vine/D'vine Residence9_report.xlsx
Total messages: 29
Successful: 17
Failed: 12
Success rate: 58.6%
Report saved as: E:/blast/D'vine/D'vine Residence9_report.xlsx
2025-06-10 14:34:44,096 - INFO - Checking login status...
2025-06-10 14:34:59,026 - INFO - Already logged in - starting in headless mode
2025-06-10 14:35:11,721 - INFO - Successfully initialized headless mode
2025-06-10 14:41:59,299 - INFO - Message sent to 60193484099
2025-06-10 14:41:59,421 - INFO - Excel status updated: E:/blast/D'vine/D'vine Residence9_report.xlsx
2025-06-10 14:42:17,952 - WARNING - Invalid phone number for 60127492368. Skipping.
2025-06-10 14:42:18,125 - INFO - Excel status updated: E:/blast/D'vine/D'vine Residence9_report.xlsx
2025-06-10 14:49:16,814 - INFO - Message sent to 60132066699
2025-06-10 14:49:17,115 - INFO - Excel status updated: E:/blast/D'vine/D'vine Residence9_report.xlsx
2025-06-10 14:54:39,611 - INFO - Message sent to 60196495924
2025-06-10 14:54:39,960 - INFO - Excel status updated: E:/blast/D'vine/D'vine Residence9_report.xlsx
2025-06-10 15:01:52,923 - INFO - Message sent to 60174749187
2025-06-10 15:01:53,226 - INFO - Excel status updated: E:/blast/D'vine/D'vine Residence9_report.xlsx
2025-06-10 15:09:44,927 - INFO - Message sent to 60182653557
2025-06-10 15:09:45,227 - INFO - Excel status updated: E:/blast/D'vine/D'vine Residence9_report.xlsx
2025-06-10 15:15:19,305 - INFO - Message sent to 60183576224
2025-06-10 15:15:19,436 - INFO - Excel status updated: E:/blast/D'vine/D'vine Residence9_report.xlsx
2025-06-10 15:20:59,498 - INFO - Message sent to 60123672683
2025-06-10 15:20:59,623 - INFO - Excel status updated: E:/blast/D'vine/D'vine Residence9_report.xlsx
2025-06-10 15:26:31,020 - INFO - Message sent to 60108682526
2025-06-10 15:26:31,159 - INFO - Excel status updated: E:/blast/D'vine/D'vine Residence9_report.xlsx
2025-06-10 15:33:40,468 - INFO - Message sent to 60124933743
2025-06-10 15:33:40,779 - INFO - Excel status updated: E:/blast/D'vine/D'vine Residence9_report.xlsx
2025-06-10 15:41:35,218 - INFO - Message sent to 60172182031
2025-06-10 15:41:35,519 - INFO - Excel status updated: E:/blast/D'vine/D'vine Residence9_report.xlsx
2025-06-10 15:47:56,792 - INFO - Message sent to 60127274334
2025-06-10 15:47:57,192 - INFO - Excel status updated: E:/blast/D'vine/D'vine Residence9_report.xlsx; Report generated: E:/blast/D'vine/D'vine Residence9_report.xlsx; Automation completed!
Report generated: E:/blast/D'vine/D'vine Residence9_report.xlsx
Total messages: 29
Successful: 28
Failed: 1
Success rate: 96.6%
Report saved as: E:/blast/D'vine/D'vine Residence9_report.xlsx
2025-06-11 09:45:28,517 - INFO - Checking login status...
2025-06-11 09:46:06,512 - INFO - Already logged in - starting in headless mode
2025-06-11 09:46:23,203 - INFO - Successfully initialized headless mode
2025-06-11 09:54:39,234 - INFO - Message sent to 60196218618
2025-06-11 09:54:39,578 - INFO - Excel status updated: E:/blast/D'vine/D'vine Residence43_report.xlsx
2025-06-11 10:00:41,435 - INFO - Message sent to 60167102831
2025-06-11 10:00:41,758 - INFO - Excel status updated: E:/blast/D'vine/D'vine Residence43_report.xlsx
2025-06-11 10:08:07,924 - INFO - Message sent to 60199369490
2025-06-11 10:08:08,265 - INFO - Excel status updated: E:/blast/D'vine/D'vine Residence43_report.xlsx
2025-06-11 10:14:05,513 - INFO - Message sent to 60173370513
2025-06-11 10:14:05,804 - INFO - Excel status updated: E:/blast/D'vine/D'vine Residence43_report.xlsx
2025-06-11 10:22:38,126 - INFO - Message sent to 60193464319
2025-06-11 10:22:38,472 - INFO - Excel status updated: E:/blast/D'vine/D'vine Residence43_report.xlsx
2025-06-11 10:29:58,745 - INFO - Message sent to 60199819690
2025-06-11 10:29:59,051 - INFO - Excel status updated: E:/blast/D'vine/D'vine Residence43_report.xlsx
2025-06-11 10:35:33,341 - INFO - Message sent to 60167047410
2025-06-11 10:35:33,673 - INFO - Excel status updated: E:/blast/D'vine/D'vine Residence43_report.xlsx
2025-06-11 10:42:12,831 - INFO - Message sent to 60132597656
2025-06-11 10:42:13,133 - INFO - Excel status updated: E:/blast/D'vine/D'vine Residence43_report.xlsx
2025-06-11 10:42:35,234 - ERROR - Failed to load chat or detect error for 601160606428: Message: 
Stacktrace:
	GetHandleVerifier [0x0x7ff74a6afe75+79173]
	GetHandleVerifier [0x0x7ff74a6afed0+79264]
	(No symbol) [0x0x7ff74a469e5a]
	(No symbol) [0x0x7ff74a4c0586]
	(No symbol) [0x0x7ff74a4c083c]
	(No symbol) [0x0x7ff74a514247]
	(No symbol) [0x0x7ff74a4e89af]
	(No symbol) [0x0x7ff74a51100d]
	(No symbol) [0x0x7ff74a4e8743]
	(No symbol) [0x0x7ff74a4b14c1]
	(No symbol) [0x0x7ff74a4b2253]
	GetHandleVerifier [0x0x7ff74a97a2ad+3004797]
	GetHandleVerifier [0x0x7ff74a9746fd+2981325]
	GetHandleVerifier [0x0x7ff74a993350+3107360]
	GetHandleVerifier [0x0x7ff74a6ca9fe+188622]
	GetHandleVerifier [0x0x7ff74a6d228f+219487]
	GetHandleVerifier [0x0x7ff74a6b8dc4+115860]
	GetHandleVerifier [0x0x7ff74a6b8f79+116297]
	GetHandleVerifier [0x0x7ff74a69f528+11256]
	BaseThreadInitThunk [0x0x7ffc862f7374+20]
	RtlUserThreadStart [0x0x7ffc870bcc91+33]

2025-06-11 10:42:35,345 - INFO - Excel status updated: E:/blast/D'vine/D'vine Residence43_report.xlsx
2025-06-11 10:50:54,947 - INFO - Message sent to 60163753943
2025-06-11 10:50:55,250 - INFO - Excel status updated: E:/blast/D'vine/D'vine Residence43_report.xlsx
2025-06-11 10:56:34,616 - INFO - Message sent to 60176838807
2025-06-11 10:56:34,915 - INFO - Excel status updated: E:/blast/D'vine/D'vine Residence43_report.xlsx
2025-06-11 10:56:50,352 - WARNING - Invalid phone number for 601137070290. Skipping.
2025-06-11 10:56:50,470 - INFO - Excel status updated: E:/blast/D'vine/D'vine Residence43_report.xlsx
2025-06-11 10:57:13,208 - ERROR - Failed to load chat or detect error for 60176190027: Message: 
Stacktrace:
	GetHandleVerifier [0x0x7ff74a6afe75+79173]
	GetHandleVerifier [0x0x7ff74a6afed0+79264]
	(No symbol) [0x0x7ff74a469e5a]
	(No symbol) [0x0x7ff74a4c0586]
	(No symbol) [0x0x7ff74a4c083c]
	(No symbol) [0x0x7ff74a514247]
	(No symbol) [0x0x7ff74a4e89af]
	(No symbol) [0x0x7ff74a51100d]
	(No symbol) [0x0x7ff74a4e8743]
	(No symbol) [0x0x7ff74a4b14c1]
	(No symbol) [0x0x7ff74a4b2253]
	GetHandleVerifier [0x0x7ff74a97a2ad+3004797]
	GetHandleVerifier [0x0x7ff74a9746fd+2981325]
	GetHandleVerifier [0x0x7ff74a993350+3107360]
	GetHandleVerifier [0x0x7ff74a6ca9fe+188622]
	GetHandleVerifier [0x0x7ff74a6d228f+219487]
	GetHandleVerifier [0x0x7ff74a6b8dc4+115860]
	GetHandleVerifier [0x0x7ff74a6b8f79+116297]
	GetHandleVerifier [0x0x7ff74a69f528+11256]
	BaseThreadInitThunk [0x0x7ffc862f7374+20]
	RtlUserThreadStart [0x0x7ffc870bcc91+33]

2025-06-11 10:57:13,319 - INFO - Excel status updated: E:/blast/D'vine/D'vine Residence43_report.xlsx
2025-06-11 11:03:13,139 - INFO - Message sent to 60176879226
2025-06-11 11:03:13,467 - INFO - Excel status updated: E:/blast/D'vine/D'vine Residence43_report.xlsx
2025-06-11 11:10:38,253 - INFO - Message sent to 60196676963
2025-06-11 11:10:38,590 - INFO - Excel status updated: E:/blast/D'vine/D'vine Residence43_report.xlsx
2025-06-11 11:17:38,947 - INFO - Message sent to 60122883430
2025-06-11 11:17:39,112 - INFO - Excel status updated: E:/blast/D'vine/D'vine Residence43_report.xlsx
2025-06-11 11:25:03,862 - INFO - Message sent to 60123113138
2025-06-11 11:25:04,235 - INFO - Excel status updated: E:/blast/D'vine/D'vine Residence43_report.xlsx
2025-06-11 11:33:26,984 - INFO - Message sent to 60169215358
2025-06-11 11:33:27,311 - INFO - Excel status updated: E:/blast/D'vine/D'vine Residence43_report.xlsx
2025-06-11 11:39:14,165 - INFO - Message sent to 60179785108
2025-06-11 11:39:14,507 - INFO - Excel status updated: E:/blast/D'vine/D'vine Residence43_report.xlsx
2025-06-11 11:47:20,922 - INFO - Message sent to 60163270925
2025-06-11 11:47:21,065 - INFO - Excel status updated: E:/blast/D'vine/D'vine Residence43_report.xlsx
2025-06-11 11:47:43,692 - ERROR - Failed to load chat or detect error for 60162060956: Message: 
Stacktrace:
	GetHandleVerifier [0x0x7ff74a6afe75+79173]
	GetHandleVerifier [0x0x7ff74a6afed0+79264]
	(No symbol) [0x0x7ff74a469e5a]
	(No symbol) [0x0x7ff74a4c0586]
	(No symbol) [0x0x7ff74a4c083c]
	(No symbol) [0x0x7ff74a514247]
	(No symbol) [0x0x7ff74a4e89af]
	(No symbol) [0x0x7ff74a51100d]
	(No symbol) [0x0x7ff74a4e8743]
	(No symbol) [0x0x7ff74a4b14c1]
	(No symbol) [0x0x7ff74a4b2253]
	GetHandleVerifier [0x0x7ff74a97a2ad+3004797]
	GetHandleVerifier [0x0x7ff74a9746fd+2981325]
	GetHandleVerifier [0x0x7ff74a993350+3107360]
	GetHandleVerifier [0x0x7ff74a6ca9fe+188622]
	GetHandleVerifier [0x0x7ff74a6d228f+219487]
	GetHandleVerifier [0x0x7ff74a6b8dc4+115860]
	GetHandleVerifier [0x0x7ff74a6b8f79+116297]
	GetHandleVerifier [0x0x7ff74a69f528+11256]
	BaseThreadInitThunk [0x0x7ffc862f7374+20]
	RtlUserThreadStart [0x0x7ffc870bcc91+33]

2025-06-11 11:47:43,824 - INFO - Excel status updated: E:/blast/D'vine/D'vine Residence43_report.xlsx
2025-06-11 11:48:06,030 - ERROR - Failed to load chat or detect error for 60162177673: Message: 
Stacktrace:
	GetHandleVerifier [0x0x7ff74a6afe75+79173]
	GetHandleVerifier [0x0x7ff74a6afed0+79264]
	(No symbol) [0x0x7ff74a469e5a]
	(No symbol) [0x0x7ff74a4c0586]
	(No symbol) [0x0x7ff74a4c083c]
	(No symbol) [0x0x7ff74a514247]
	(No symbol) [0x0x7ff74a4e89af]
	(No symbol) [0x0x7ff74a51100d]
	(No symbol) [0x0x7ff74a4e8743]
	(No symbol) [0x0x7ff74a4b14c1]
	(No symbol) [0x0x7ff74a4b2253]
	GetHandleVerifier [0x0x7ff74a97a2ad+3004797]
	GetHandleVerifier [0x0x7ff74a9746fd+2981325]
	GetHandleVerifier [0x0x7ff74a993350+3107360]
	GetHandleVerifier [0x0x7ff74a6ca9fe+188622]
	GetHandleVerifier [0x0x7ff74a6d228f+219487]
	GetHandleVerifier [0x0x7ff74a6b8dc4+115860]
	GetHandleVerifier [0x0x7ff74a6b8f79+116297]
	GetHandleVerifier [0x0x7ff74a69f528+11256]
	BaseThreadInitThunk [0x0x7ffc862f7374+20]
	RtlUserThreadStart [0x0x7ffc870bcc91+33]

2025-06-11 11:48:06,136 - INFO - Excel status updated: E:/blast/D'vine/D'vine Residence43_report.xlsx
2025-06-11 11:54:18,612 - INFO - Message sent to 60168231721
2025-06-11 11:54:18,882 - INFO - Excel status updated: E:/blast/D'vine/D'vine Residence43_report.xlsx
2025-06-11 11:54:47,420 - ERROR - Failed to load chat or detect error for 60126693059: Message: 
Stacktrace:
	GetHandleVerifier [0x0x7ff74a6afe75+79173]
	GetHandleVerifier [0x0x7ff74a6afed0+79264]
	(No symbol) [0x0x7ff74a469e5a]
	(No symbol) [0x0x7ff74a4c0586]
	(No symbol) [0x0x7ff74a4c083c]
	(No symbol) [0x0x7ff74a514247]
	(No symbol) [0x0x7ff74a4e89af]
	(No symbol) [0x0x7ff74a51100d]
	(No symbol) [0x0x7ff74a4e8743]
	(No symbol) [0x0x7ff74a4b14c1]
	(No symbol) [0x0x7ff74a4b2253]
	GetHandleVerifier [0x0x7ff74a97a2ad+3004797]
	GetHandleVerifier [0x0x7ff74a9746fd+2981325]
	GetHandleVerifier [0x0x7ff74a993350+3107360]
	GetHandleVerifier [0x0x7ff74a6ca9fe+188622]
	GetHandleVerifier [0x0x7ff74a6d228f+219487]
	GetHandleVerifier [0x0x7ff74a6b8dc4+115860]
	GetHandleVerifier [0x0x7ff74a6b8f79+116297]
	GetHandleVerifier [0x0x7ff74a69f528+11256]
	BaseThreadInitThunk [0x0x7ffc862f7374+20]
	RtlUserThreadStart [0x0x7ffc870bcc91+33]

2025-06-11 11:54:47,560 - INFO - Excel status updated: E:/blast/D'vine/D'vine Residence43_report.xlsx
2025-06-11 11:55:12,793 - ERROR - Failed to load chat or detect error for 60146094583: Message: 
Stacktrace:
	GetHandleVerifier [0x0x7ff74a6afe75+79173]
	GetHandleVerifier [0x0x7ff74a6afed0+79264]
	(No symbol) [0x0x7ff74a469e5a]
	(No symbol) [0x0x7ff74a4c0586]
	(No symbol) [0x0x7ff74a4c083c]
	(No symbol) [0x0x7ff74a514247]
	(No symbol) [0x0x7ff74a4e89af]
	(No symbol) [0x0x7ff74a51100d]
	(No symbol) [0x0x7ff74a4e8743]
	(No symbol) [0x0x7ff74a4b14c1]
	(No symbol) [0x0x7ff74a4b2253]
	GetHandleVerifier [0x0x7ff74a97a2ad+3004797]
	GetHandleVerifier [0x0x7ff74a9746fd+2981325]
	GetHandleVerifier [0x0x7ff74a993350+3107360]
	GetHandleVerifier [0x0x7ff74a6ca9fe+188622]
	GetHandleVerifier [0x0x7ff74a6d228f+219487]
	GetHandleVerifier [0x0x7ff74a6b8dc4+115860]
	GetHandleVerifier [0x0x7ff74a6b8f79+116297]
	GetHandleVerifier [0x0x7ff74a69f528+11256]
	BaseThreadInitThunk [0x0x7ffc862f7374+20]
	RtlUserThreadStart [0x0x7ffc870bcc91+33]

2025-06-11 11:55:12,959 - INFO - Excel status updated: E:/blast/D'vine/D'vine Residence43_report.xlsx
2025-06-11 11:55:34,974 - ERROR - Failed to load chat or detect error for 60188746619: Message: 
Stacktrace:
	GetHandleVerifier [0x0x7ff74a6afe75+79173]
	GetHandleVerifier [0x0x7ff74a6afed0+79264]
	(No symbol) [0x0x7ff74a469e5a]
	(No symbol) [0x0x7ff74a4c0586]
	(No symbol) [0x0x7ff74a4c083c]
	(No symbol) [0x0x7ff74a514247]
	(No symbol) [0x0x7ff74a4e89af]
	(No symbol) [0x0x7ff74a51100d]
	(No symbol) [0x0x7ff74a4e8743]
	(No symbol) [0x0x7ff74a4b14c1]
	(No symbol) [0x0x7ff74a4b2253]
	GetHandleVerifier [0x0x7ff74a97a2ad+3004797]
	GetHandleVerifier [0x0x7ff74a9746fd+2981325]
	GetHandleVerifier [0x0x7ff74a993350+3107360]
	GetHandleVerifier [0x0x7ff74a6ca9fe+188622]
	GetHandleVerifier [0x0x7ff74a6d228f+219487]
	GetHandleVerifier [0x0x7ff74a6b8dc4+115860]
	GetHandleVerifier [0x0x7ff74a6b8f79+116297]
	GetHandleVerifier [0x0x7ff74a69f528+11256]
	BaseThreadInitThunk [0x0x7ffc862f7374+20]
	RtlUserThreadStart [0x0x7ffc870bcc91+33]

2025-06-11 11:55:35,084 - INFO - Excel status updated: E:/blast/D'vine/D'vine Residence43_report.xlsx
2025-06-11 11:55:57,050 - ERROR - Failed to load chat or detect error for 60176603405: Message: 
Stacktrace:
	GetHandleVerifier [0x0x7ff74a6afe75+79173]
	GetHandleVerifier [0x0x7ff74a6afed0+79264]
	(No symbol) [0x0x7ff74a469e5a]
	(No symbol) [0x0x7ff74a4c0586]
	(No symbol) [0x0x7ff74a4c083c]
	(No symbol) [0x0x7ff74a514247]
	(No symbol) [0x0x7ff74a4e89af]
	(No symbol) [0x0x7ff74a51100d]
	(No symbol) [0x0x7ff74a4e8743]
	(No symbol) [0x0x7ff74a4b14c1]
	(No symbol) [0x0x7ff74a4b2253]
	GetHandleVerifier [0x0x7ff74a97a2ad+3004797]
	GetHandleVerifier [0x0x7ff74a9746fd+2981325]
	GetHandleVerifier [0x0x7ff74a993350+3107360]
	GetHandleVerifier [0x0x7ff74a6ca9fe+188622]
	GetHandleVerifier [0x0x7ff74a6d228f+219487]
	GetHandleVerifier [0x0x7ff74a6b8dc4+115860]
	GetHandleVerifier [0x0x7ff74a6b8f79+116297]
	GetHandleVerifier [0x0x7ff74a69f528+11256]
	BaseThreadInitThunk [0x0x7ffc862f7374+20]
	RtlUserThreadStart [0x0x7ffc870bcc91+33]

2025-06-11 11:55:57,161 - INFO - Excel status updated: E:/blast/D'vine/D'vine Residence43_report.xlsx
2025-06-11 11:56:18,849 - ERROR - Failed to load chat or detect error for 601135467510: Message: 
Stacktrace:
	GetHandleVerifier [0x0x7ff74a6afe75+79173]
	GetHandleVerifier [0x0x7ff74a6afed0+79264]
	(No symbol) [0x0x7ff74a469e5a]
	(No symbol) [0x0x7ff74a4c0586]
	(No symbol) [0x0x7ff74a4c083c]
	(No symbol) [0x0x7ff74a514247]
	(No symbol) [0x0x7ff74a4e89af]
	(No symbol) [0x0x7ff74a51100d]
	(No symbol) [0x0x7ff74a4e8743]
	(No symbol) [0x0x7ff74a4b14c1]
	(No symbol) [0x0x7ff74a4b2253]
	GetHandleVerifier [0x0x7ff74a97a2ad+3004797]
	GetHandleVerifier [0x0x7ff74a9746fd+2981325]
	GetHandleVerifier [0x0x7ff74a993350+3107360]
	GetHandleVerifier [0x0x7ff74a6ca9fe+188622]
	GetHandleVerifier [0x0x7ff74a6d228f+219487]
	GetHandleVerifier [0x0x7ff74a6b8dc4+115860]
	GetHandleVerifier [0x0x7ff74a6b8f79+116297]
	GetHandleVerifier [0x0x7ff74a69f528+11256]
	BaseThreadInitThunk [0x0x7ffc862f7374+20]
	RtlUserThreadStart [0x0x7ffc870bcc91+33]

2025-06-11 11:56:18,961 - INFO - Excel status updated: E:/blast/D'vine/D'vine Residence43_report.xlsx
2025-06-11 11:56:41,785 - ERROR - Failed to load chat or detect error for 60132982987: Message: 
Stacktrace:
	GetHandleVerifier [0x0x7ff74a6afe75+79173]
	GetHandleVerifier [0x0x7ff74a6afed0+79264]
	(No symbol) [0x0x7ff74a469e5a]
	(No symbol) [0x0x7ff74a4c0586]
	(No symbol) [0x0x7ff74a4c083c]
	(No symbol) [0x0x7ff74a514247]
	(No symbol) [0x0x7ff74a4e89af]
	(No symbol) [0x0x7ff74a51100d]
	(No symbol) [0x0x7ff74a4e8743]
	(No symbol) [0x0x7ff74a4b14c1]
	(No symbol) [0x0x7ff74a4b2253]
	GetHandleVerifier [0x0x7ff74a97a2ad+3004797]
	GetHandleVerifier [0x0x7ff74a9746fd+2981325]
	GetHandleVerifier [0x0x7ff74a993350+3107360]
	GetHandleVerifier [0x0x7ff74a6ca9fe+188622]
	GetHandleVerifier [0x0x7ff74a6d228f+219487]
	GetHandleVerifier [0x0x7ff74a6b8dc4+115860]
	GetHandleVerifier [0x0x7ff74a6b8f79+116297]
	GetHandleVerifier [0x0x7ff74a69f528+11256]
	BaseThreadInitThunk [0x0x7ffc862f7374+20]
	RtlUserThreadStart [0x0x7ffc870bcc91+33]

2025-06-11 11:56:42,069 - INFO - Excel status updated: E:/blast/D'vine/D'vine Residence43_report.xlsx; Report generated: E:/blast/D'vine/D'vine Residence43_report.xlsx; Automation completed!
Report generated: E:/blast/D'vine/D'vine Residence43_report.xlsx
Total messages: 29
Successful: 18
Failed: 11
Success rate: 62.1%
Report saved as: E:/blast/D'vine/D'vine Residence43_report.xlsx
2025-06-11 12:00:18,146 - INFO - Checking login status...
2025-06-11 12:00:32,363 - WARNING - Error sending stats to Plausible: error sending request for url (https://plausible.io/api/event)
2025-06-11 12:00:49,052 - INFO - Already logged in - starting in headless mode
2025-06-11 12:01:08,343 - INFO - Successfully initialized headless mode
2025-06-11 12:06:48,943 - INFO - Message sent to 601160606428
2025-06-11 12:06:49,046 - INFO - Excel status updated: E:/blast/D'vine/D'vine Residence43_report.xlsx
2025-06-11 12:07:06,076 - WARNING - Invalid phone number for 601137070290. Skipping.
2025-06-11 12:07:06,184 - INFO - Excel status updated: E:/blast/D'vine/D'vine Residence43_report.xlsx
2025-06-11 12:15:08,347 - INFO - Message sent to 60176190027
2025-06-11 12:15:08,521 - INFO - Excel status updated: E:/blast/D'vine/D'vine Residence43_report.xlsx
2025-06-11 12:22:05,549 - INFO - Message sent to 60162060956
2025-06-11 12:22:05,901 - INFO - Excel status updated: E:/blast/D'vine/D'vine Residence43_report.xlsx
2025-06-11 12:22:31,619 - ERROR - Failed to load chat or detect error for 60162177673: Message: 
Stacktrace:
	GetHandleVerifier [0x0x7ff74a6afe75+79173]
	GetHandleVerifier [0x0x7ff74a6afed0+79264]
	(No symbol) [0x0x7ff74a469e5a]
	(No symbol) [0x0x7ff74a4c0586]
	(No symbol) [0x0x7ff74a4c083c]
	(No symbol) [0x0x7ff74a514247]
	(No symbol) [0x0x7ff74a4e89af]
	(No symbol) [0x0x7ff74a51100d]
	(No symbol) [0x0x7ff74a4e8743]
	(No symbol) [0x0x7ff74a4b14c1]
	(No symbol) [0x0x7ff74a4b2253]
	GetHandleVerifier [0x0x7ff74a97a2ad+3004797]
	GetHandleVerifier [0x0x7ff74a9746fd+2981325]
	GetHandleVerifier [0x0x7ff74a993350+3107360]
	GetHandleVerifier [0x0x7ff74a6ca9fe+188622]
	GetHandleVerifier [0x0x7ff74a6d228f+219487]
	GetHandleVerifier [0x0x7ff74a6b8dc4+115860]
	GetHandleVerifier [0x0x7ff74a6b8f79+116297]
	GetHandleVerifier [0x0x7ff74a69f528+11256]
	BaseThreadInitThunk [0x0x7ffc862f7374+20]
	RtlUserThreadStart [0x0x7ffc870bcc91+33]

2025-06-11 12:22:31,798 - INFO - Excel status updated: E:/blast/D'vine/D'vine Residence43_report.xlsx
2025-06-11 12:22:55,140 - ERROR - Failed to load chat or detect error for 60126693059: Message: 
Stacktrace:
	GetHandleVerifier [0x0x7ff74a6afe75+79173]
	GetHandleVerifier [0x0x7ff74a6afed0+79264]
	(No symbol) [0x0x7ff74a469e5a]
	(No symbol) [0x0x7ff74a4c0586]
	(No symbol) [0x0x7ff74a4c083c]
	(No symbol) [0x0x7ff74a514247]
	(No symbol) [0x0x7ff74a4e89af]
	(No symbol) [0x0x7ff74a51100d]
	(No symbol) [0x0x7ff74a4e8743]
	(No symbol) [0x0x7ff74a4b14c1]
	(No symbol) [0x0x7ff74a4b2253]
	GetHandleVerifier [0x0x7ff74a97a2ad+3004797]
	GetHandleVerifier [0x0x7ff74a9746fd+2981325]
	GetHandleVerifier [0x0x7ff74a993350+3107360]
	GetHandleVerifier [0x0x7ff74a6ca9fe+188622]
	GetHandleVerifier [0x0x7ff74a6d228f+219487]
	GetHandleVerifier [0x0x7ff74a6b8dc4+115860]
	GetHandleVerifier [0x0x7ff74a6b8f79+116297]
	GetHandleVerifier [0x0x7ff74a69f528+11256]
	BaseThreadInitThunk [0x0x7ffc862f7374+20]
	RtlUserThreadStart [0x0x7ffc870bcc91+33]

2025-06-11 12:22:55,313 - INFO - Excel status updated: E:/blast/D'vine/D'vine Residence43_report.xlsx
2025-06-11 12:23:19,169 - ERROR - Failed to load chat or detect error for 60146094583: Message: 
Stacktrace:
	GetHandleVerifier [0x0x7ff74a6afe75+79173]
	GetHandleVerifier [0x0x7ff74a6afed0+79264]
	(No symbol) [0x0x7ff74a469e5a]
	(No symbol) [0x0x7ff74a4c0586]
	(No symbol) [0x0x7ff74a4c083c]
	(No symbol) [0x0x7ff74a514247]
	(No symbol) [0x0x7ff74a4e89af]
	(No symbol) [0x0x7ff74a51100d]
	(No symbol) [0x0x7ff74a4e8743]
	(No symbol) [0x0x7ff74a4b14c1]
	(No symbol) [0x0x7ff74a4b2253]
	GetHandleVerifier [0x0x7ff74a97a2ad+3004797]
	GetHandleVerifier [0x0x7ff74a9746fd+2981325]
	GetHandleVerifier [0x0x7ff74a993350+3107360]
	GetHandleVerifier [0x0x7ff74a6ca9fe+188622]
	GetHandleVerifier [0x0x7ff74a6d228f+219487]
	GetHandleVerifier [0x0x7ff74a6b8dc4+115860]
	GetHandleVerifier [0x0x7ff74a6b8f79+116297]
	GetHandleVerifier [0x0x7ff74a69f528+11256]
	BaseThreadInitThunk [0x0x7ffc862f7374+20]
	RtlUserThreadStart [0x0x7ffc870bcc91+33]

2025-06-11 12:23:19,372 - INFO - Excel status updated: E:/blast/D'vine/D'vine Residence43_report.xlsx
2025-06-11 12:31:23,133 - INFO - Message sent to 60188746619
2025-06-11 12:31:23,502 - INFO - Excel status updated: E:/blast/D'vine/D'vine Residence43_report.xlsx
2025-06-11 12:31:46,921 - ERROR - Failed to load chat or detect error for 60176603405: Message: 
Stacktrace:
	GetHandleVerifier [0x0x7ff74a6afe75+79173]
	GetHandleVerifier [0x0x7ff74a6afed0+79264]
	(No symbol) [0x0x7ff74a469e5a]
	(No symbol) [0x0x7ff74a4c0586]
	(No symbol) [0x0x7ff74a4c083c]
	(No symbol) [0x0x7ff74a514247]
	(No symbol) [0x0x7ff74a4e89af]
	(No symbol) [0x0x7ff74a51100d]
	(No symbol) [0x0x7ff74a4e8743]
	(No symbol) [0x0x7ff74a4b14c1]
	(No symbol) [0x0x7ff74a4b2253]
	GetHandleVerifier [0x0x7ff74a97a2ad+3004797]
	GetHandleVerifier [0x0x7ff74a9746fd+2981325]
	GetHandleVerifier [0x0x7ff74a993350+3107360]
	GetHandleVerifier [0x0x7ff74a6ca9fe+188622]
	GetHandleVerifier [0x0x7ff74a6d228f+219487]
	GetHandleVerifier [0x0x7ff74a6b8dc4+115860]
	GetHandleVerifier [0x0x7ff74a6b8f79+116297]
	GetHandleVerifier [0x0x7ff74a69f528+11256]
	BaseThreadInitThunk [0x0x7ffc862f7374+20]
	RtlUserThreadStart [0x0x7ffc870bcc91+33]

2025-06-11 12:31:47,121 - INFO - Excel status updated: E:/blast/D'vine/D'vine Residence43_report.xlsx
2025-06-11 12:32:09,793 - ERROR - Failed to load chat or detect error for 601135467510: Message: 
Stacktrace:
	GetHandleVerifier [0x0x7ff74a6afe75+79173]
	GetHandleVerifier [0x0x7ff74a6afed0+79264]
	(No symbol) [0x0x7ff74a469e5a]
	(No symbol) [0x0x7ff74a4c0586]
	(No symbol) [0x0x7ff74a4c083c]
	(No symbol) [0x0x7ff74a514247]
	(No symbol) [0x0x7ff74a4e89af]
	(No symbol) [0x0x7ff74a51100d]
	(No symbol) [0x0x7ff74a4e8743]
	(No symbol) [0x0x7ff74a4b14c1]
	(No symbol) [0x0x7ff74a4b2253]
	GetHandleVerifier [0x0x7ff74a97a2ad+3004797]
	GetHandleVerifier [0x0x7ff74a9746fd+2981325]
	GetHandleVerifier [0x0x7ff74a993350+3107360]
	GetHandleVerifier [0x0x7ff74a6ca9fe+188622]
	GetHandleVerifier [0x0x7ff74a6d228f+219487]
	GetHandleVerifier [0x0x7ff74a6b8dc4+115860]
	GetHandleVerifier [0x0x7ff74a6b8f79+116297]
	GetHandleVerifier [0x0x7ff74a69f528+11256]
	BaseThreadInitThunk [0x0x7ffc862f7374+20]
	RtlUserThreadStart [0x0x7ffc870bcc91+33]

2025-06-11 12:32:09,988 - INFO - Excel status updated: E:/blast/D'vine/D'vine Residence43_report.xlsx
2025-06-11 12:32:33,569 - ERROR - Failed to load chat or detect error for 60132982987: Message: 
Stacktrace:
	GetHandleVerifier [0x0x7ff74a6afe75+79173]
	GetHandleVerifier [0x0x7ff74a6afed0+79264]
	(No symbol) [0x0x7ff74a469e5a]
	(No symbol) [0x0x7ff74a4c0586]
	(No symbol) [0x0x7ff74a4c083c]
	(No symbol) [0x0x7ff74a514247]
	(No symbol) [0x0x7ff74a4e89af]
	(No symbol) [0x0x7ff74a51100d]
	(No symbol) [0x0x7ff74a4e8743]
	(No symbol) [0x0x7ff74a4b14c1]
	(No symbol) [0x0x7ff74a4b2253]
	GetHandleVerifier [0x0x7ff74a97a2ad+3004797]
	GetHandleVerifier [0x0x7ff74a9746fd+2981325]
	GetHandleVerifier [0x0x7ff74a993350+3107360]
	GetHandleVerifier [0x0x7ff74a6ca9fe+188622]
	GetHandleVerifier [0x0x7ff74a6d228f+219487]
	GetHandleVerifier [0x0x7ff74a6b8dc4+115860]
	GetHandleVerifier [0x0x7ff74a6b8f79+116297]
	GetHandleVerifier [0x0x7ff74a69f528+11256]
	BaseThreadInitThunk [0x0x7ffc862f7374+20]
	RtlUserThreadStart [0x0x7ffc870bcc91+33]

2025-06-11 12:32:34,006 - INFO - Excel status updated: E:/blast/D'vine/D'vine Residence43_report.xlsx; Report generated: E:/blast/D'vine/D'vine Residence43_report.xlsx; Automation completed!
Report generated: E:/blast/D'vine/D'vine Residence43_report.xlsx
Total messages: 29
Successful: 22
Failed: 7
Success rate: 75.9%
Report saved as: E:/blast/D'vine/D'vine Residence43_report.xlsx
2025-06-11 12:49:16,274 - INFO - Checking login status...
2025-06-11 12:49:33,895 - INFO - Already logged in - starting in headless mode
2025-06-11 12:49:48,679 - INFO - Successfully initialized headless mode
2025-06-11 12:49:58,265 - WARNING - Invalid phone number for 601137070290. Skipping.
2025-06-11 12:49:58,556 - INFO - Excel status updated: E:/blast/D'vine/D'vine Residence43_report.xlsx
2025-06-11 12:55:41,876 - INFO - Message sent to 60162177673
2025-06-11 12:55:42,254 - INFO - Excel status updated: E:/blast/D'vine/D'vine Residence43_report.xlsx
2025-06-11 13:03:09,874 - INFO - Message sent to 60126693059
2025-06-11 13:03:10,281 - INFO - Excel status updated: E:/blast/D'vine/D'vine Residence43_report.xlsx
2025-06-11 13:11:31,340 - INFO - Message sent to 60146094583
2025-06-11 13:11:31,655 - INFO - Excel status updated: E:/blast/D'vine/D'vine Residence43_report.xlsx
2025-06-11 13:17:57,762 - INFO - Message sent to 60176603405
2025-06-11 13:17:57,975 - INFO - Excel status updated: E:/blast/D'vine/D'vine Residence43_report.xlsx
2025-06-11 13:25:35,844 - INFO - Message sent to 601135467510
2025-06-11 13:25:36,216 - INFO - Excel status updated: E:/blast/D'vine/D'vine Residence43_report.xlsx
2025-06-11 13:32:44,088 - INFO - Message sent to 60132982987
2025-06-11 13:32:44,601 - INFO - Excel status updated: E:/blast/D'vine/D'vine Residence43_report.xlsx; Report generated: E:/blast/D'vine/D'vine Residence43_report.xlsx; Automation completed!
Report generated: E:/blast/D'vine/D'vine Residence43_report.xlsx
Total messages: 29
Successful: 28
Failed: 1
Success rate: 96.6%
Report saved as: E:/blast/D'vine/D'vine Residence43_report.xlsx
2025-06-11 13:42:18,733 - INFO - Checking login status...
2025-06-11 13:42:37,795 - INFO - Already logged in - starting in headless mode
2025-06-11 13:42:49,017 - INFO - Successfully initialized headless mode
2025-06-11 13:51:24,777 - INFO - Message sent to 60166609524
2025-06-11 13:51:24,895 - INFO - Excel status updated: E:/blast/D'vine/D'vine Residence22_report.xlsx
2025-06-11 14:00:02,122 - INFO - Message sent to 60176074052
2025-06-11 14:00:02,407 - INFO - Excel status updated: E:/blast/D'vine/D'vine Residence22_report.xlsx
2025-06-11 14:07:12,566 - INFO - Message sent to 60127327737
2025-06-11 14:07:12,859 - INFO - Excel status updated: E:/blast/D'vine/D'vine Residence22_report.xlsx
2025-06-11 14:07:35,733 - ERROR - Failed to load chat or detect error for 60139923712: Message: 
Stacktrace:
	GetHandleVerifier [0x0x7ff74a6afe75+79173]
	GetHandleVerifier [0x0x7ff74a6afed0+79264]
	(No symbol) [0x0x7ff74a469e5a]
	(No symbol) [0x0x7ff74a4c0586]
	(No symbol) [0x0x7ff74a4c083c]
	(No symbol) [0x0x7ff74a514247]
	(No symbol) [0x0x7ff74a4e89af]
	(No symbol) [0x0x7ff74a51100d]
	(No symbol) [0x0x7ff74a4e8743]
	(No symbol) [0x0x7ff74a4b14c1]
	(No symbol) [0x0x7ff74a4b2253]
	GetHandleVerifier [0x0x7ff74a97a2ad+3004797]
	GetHandleVerifier [0x0x7ff74a9746fd+2981325]
	GetHandleVerifier [0x0x7ff74a993350+3107360]
	GetHandleVerifier [0x0x7ff74a6ca9fe+188622]
	GetHandleVerifier [0x0x7ff74a6d228f+219487]
	GetHandleVerifier [0x0x7ff74a6b8dc4+115860]
	GetHandleVerifier [0x0x7ff74a6b8f79+116297]
	GetHandleVerifier [0x0x7ff74a69f528+11256]
	BaseThreadInitThunk [0x0x7ffc862f7374+20]
	RtlUserThreadStart [0x0x7ffc870bcc91+33]

2025-06-11 14:07:35,873 - INFO - Excel status updated: E:/blast/D'vine/D'vine Residence22_report.xlsx
2025-06-11 14:15:55,513 - INFO - Message sent to 60169885048
2025-06-11 14:15:56,006 - INFO - Excel status updated: E:/blast/D'vine/D'vine Residence22_report.xlsx
2025-06-11 14:24:32,780 - INFO - Message sent to 601127602201
2025-06-11 14:24:33,084 - INFO - Excel status updated: E:/blast/D'vine/D'vine Residence22_report.xlsx
2025-06-11 14:33:15,110 - INFO - Message sent to 60163236937
2025-06-11 14:33:15,244 - INFO - Excel status updated: E:/blast/D'vine/D'vine Residence22_report.xlsx
2025-06-11 14:41:18,371 - INFO - Message sent to 60123313950
2025-06-11 14:41:18,658 - INFO - Excel status updated: E:/blast/D'vine/D'vine Residence22_report.xlsx
2025-06-11 14:47:19,956 - INFO - Message sent to 60136619771
2025-06-11 14:47:20,305 - INFO - Excel status updated: E:/blast/D'vine/D'vine Residence22_report.xlsx
2025-06-11 14:47:45,788 - ERROR - Failed to load chat or detect error for 601110895185: Message: 
Stacktrace:
	GetHandleVerifier [0x0x7ff74a6afe75+79173]
	GetHandleVerifier [0x0x7ff74a6afed0+79264]
	(No symbol) [0x0x7ff74a469e5a]
	(No symbol) [0x0x7ff74a4c0586]
	(No symbol) [0x0x7ff74a4c083c]
	(No symbol) [0x0x7ff74a514247]
	(No symbol) [0x0x7ff74a4e89af]
	(No symbol) [0x0x7ff74a51100d]
	(No symbol) [0x0x7ff74a4e8743]
	(No symbol) [0x0x7ff74a4b14c1]
	(No symbol) [0x0x7ff74a4b2253]
	GetHandleVerifier [0x0x7ff74a97a2ad+3004797]
	GetHandleVerifier [0x0x7ff74a9746fd+2981325]
	GetHandleVerifier [0x0x7ff74a993350+3107360]
	GetHandleVerifier [0x0x7ff74a6ca9fe+188622]
	GetHandleVerifier [0x0x7ff74a6d228f+219487]
	GetHandleVerifier [0x0x7ff74a6b8dc4+115860]
	GetHandleVerifier [0x0x7ff74a6b8f79+116297]
	GetHandleVerifier [0x0x7ff74a69f528+11256]
	BaseThreadInitThunk [0x0x7ffc862f7374+20]
	RtlUserThreadStart [0x0x7ffc870bcc91+33]

2025-06-11 14:47:45,899 - INFO - Excel status updated: E:/blast/D'vine/D'vine Residence22_report.xlsx
2025-06-11 14:48:08,927 - ERROR - Failed to load chat or detect error for 60173109956: Message: 
Stacktrace:
	GetHandleVerifier [0x0x7ff74a6afe75+79173]
	GetHandleVerifier [0x0x7ff74a6afed0+79264]
	(No symbol) [0x0x7ff74a469e5a]
	(No symbol) [0x0x7ff74a4c0586]
	(No symbol) [0x0x7ff74a4c083c]
	(No symbol) [0x0x7ff74a514247]
	(No symbol) [0x0x7ff74a4e89af]
	(No symbol) [0x0x7ff74a51100d]
	(No symbol) [0x0x7ff74a4e8743]
	(No symbol) [0x0x7ff74a4b14c1]
	(No symbol) [0x0x7ff74a4b2253]
	GetHandleVerifier [0x0x7ff74a97a2ad+3004797]
	GetHandleVerifier [0x0x7ff74a9746fd+2981325]
	GetHandleVerifier [0x0x7ff74a993350+3107360]
	GetHandleVerifier [0x0x7ff74a6ca9fe+188622]
	GetHandleVerifier [0x0x7ff74a6d228f+219487]
	GetHandleVerifier [0x0x7ff74a6b8dc4+115860]
	GetHandleVerifier [0x0x7ff74a6b8f79+116297]
	GetHandleVerifier [0x0x7ff74a69f528+11256]
	BaseThreadInitThunk [0x0x7ffc862f7374+20]
	RtlUserThreadStart [0x0x7ffc870bcc91+33]

2025-06-11 14:48:09,041 - INFO - Excel status updated: E:/blast/D'vine/D'vine Residence22_report.xlsx
2025-06-11 14:48:31,564 - ERROR - Failed to load chat or detect error for 60192589243: Message: 
Stacktrace:
	GetHandleVerifier [0x0x7ff74a6afe75+79173]
	GetHandleVerifier [0x0x7ff74a6afed0+79264]
	(No symbol) [0x0x7ff74a469e5a]
	(No symbol) [0x0x7ff74a4c0586]
	(No symbol) [0x0x7ff74a4c083c]
	(No symbol) [0x0x7ff74a514247]
	(No symbol) [0x0x7ff74a4e89af]
	(No symbol) [0x0x7ff74a51100d]
	(No symbol) [0x0x7ff74a4e8743]
	(No symbol) [0x0x7ff74a4b14c1]
	(No symbol) [0x0x7ff74a4b2253]
	GetHandleVerifier [0x0x7ff74a97a2ad+3004797]
	GetHandleVerifier [0x0x7ff74a9746fd+2981325]
	GetHandleVerifier [0x0x7ff74a993350+3107360]
	GetHandleVerifier [0x0x7ff74a6ca9fe+188622]
	GetHandleVerifier [0x0x7ff74a6d228f+219487]
	GetHandleVerifier [0x0x7ff74a6b8dc4+115860]
	GetHandleVerifier [0x0x7ff74a6b8f79+116297]
	GetHandleVerifier [0x0x7ff74a69f528+11256]
	BaseThreadInitThunk [0x0x7ffc862f7374+20]
	RtlUserThreadStart [0x0x7ffc870bcc91+33]

2025-06-11 14:48:31,681 - INFO - Excel status updated: E:/blast/D'vine/D'vine Residence22_report.xlsx
2025-06-11 14:48:52,487 - ERROR - Failed to load chat or detect error for 601127374076: Message: 
Stacktrace:
	GetHandleVerifier [0x0x7ff74a6afe75+79173]
	GetHandleVerifier [0x0x7ff74a6afed0+79264]
	(No symbol) [0x0x7ff74a469e5a]
	(No symbol) [0x0x7ff74a4c0586]
	(No symbol) [0x0x7ff74a4c083c]
	(No symbol) [0x0x7ff74a514247]
	(No symbol) [0x0x7ff74a4e89af]
	(No symbol) [0x0x7ff74a51100d]
	(No symbol) [0x0x7ff74a4e8743]
	(No symbol) [0x0x7ff74a4b14c1]
	(No symbol) [0x0x7ff74a4b2253]
	GetHandleVerifier [0x0x7ff74a97a2ad+3004797]
	GetHandleVerifier [0x0x7ff74a9746fd+2981325]
	GetHandleVerifier [0x0x7ff74a993350+3107360]
	GetHandleVerifier [0x0x7ff74a6ca9fe+188622]
	GetHandleVerifier [0x0x7ff74a6d228f+219487]
	GetHandleVerifier [0x0x7ff74a6b8dc4+115860]
	GetHandleVerifier [0x0x7ff74a6b8f79+116297]
	GetHandleVerifier [0x0x7ff74a69f528+11256]
	BaseThreadInitThunk [0x0x7ffc862f7374+20]
	RtlUserThreadStart [0x0x7ffc870bcc91+33]

2025-06-11 14:48:52,602 - INFO - Excel status updated: E:/blast/D'vine/D'vine Residence22_report.xlsx
2025-06-11 14:49:14,229 - ERROR - Failed to load chat or detect error for 60174786088: Message: 
Stacktrace:
	GetHandleVerifier [0x0x7ff74a6afe75+79173]
	GetHandleVerifier [0x0x7ff74a6afed0+79264]
	(No symbol) [0x0x7ff74a469e5a]
	(No symbol) [0x0x7ff74a4c0586]
	(No symbol) [0x0x7ff74a4c083c]
	(No symbol) [0x0x7ff74a514247]
	(No symbol) [0x0x7ff74a4e89af]
	(No symbol) [0x0x7ff74a51100d]
	(No symbol) [0x0x7ff74a4e8743]
	(No symbol) [0x0x7ff74a4b14c1]
	(No symbol) [0x0x7ff74a4b2253]
	GetHandleVerifier [0x0x7ff74a97a2ad+3004797]
	GetHandleVerifier [0x0x7ff74a9746fd+2981325]
	GetHandleVerifier [0x0x7ff74a993350+3107360]
	GetHandleVerifier [0x0x7ff74a6ca9fe+188622]
	GetHandleVerifier [0x0x7ff74a6d228f+219487]
	GetHandleVerifier [0x0x7ff74a6b8dc4+115860]
	GetHandleVerifier [0x0x7ff74a6b8f79+116297]
	GetHandleVerifier [0x0x7ff74a69f528+11256]
	BaseThreadInitThunk [0x0x7ffc862f7374+20]
	RtlUserThreadStart [0x0x7ffc870bcc91+33]

2025-06-11 14:49:14,345 - INFO - Excel status updated: E:/blast/D'vine/D'vine Residence22_report.xlsx
2025-06-11 14:49:36,977 - ERROR - Failed to load chat or detect error for 60187889001: Message: 
Stacktrace:
	GetHandleVerifier [0x0x7ff74a6afe75+79173]
	GetHandleVerifier [0x0x7ff74a6afed0+79264]
	(No symbol) [0x0x7ff74a469e5a]
	(No symbol) [0x0x7ff74a4c0586]
	(No symbol) [0x0x7ff74a4c083c]
	(No symbol) [0x0x7ff74a514247]
	(No symbol) [0x0x7ff74a4e89af]
	(No symbol) [0x0x7ff74a51100d]
	(No symbol) [0x0x7ff74a4e8743]
	(No symbol) [0x0x7ff74a4b14c1]
	(No symbol) [0x0x7ff74a4b2253]
	GetHandleVerifier [0x0x7ff74a97a2ad+3004797]
	GetHandleVerifier [0x0x7ff74a9746fd+2981325]
	GetHandleVerifier [0x0x7ff74a993350+3107360]
	GetHandleVerifier [0x0x7ff74a6ca9fe+188622]
	GetHandleVerifier [0x0x7ff74a6d228f+219487]
	GetHandleVerifier [0x0x7ff74a6b8dc4+115860]
	GetHandleVerifier [0x0x7ff74a6b8f79+116297]
	GetHandleVerifier [0x0x7ff74a69f528+11256]
	BaseThreadInitThunk [0x0x7ffc862f7374+20]
	RtlUserThreadStart [0x0x7ffc870bcc91+33]

2025-06-11 14:49:37,098 - INFO - Excel status updated: E:/blast/D'vine/D'vine Residence22_report.xlsx
2025-06-11 14:49:58,780 - ERROR - Failed to load chat or detect error for 60179272567: Message: 
Stacktrace:
	GetHandleVerifier [0x0x7ff74a6afe75+79173]
	GetHandleVerifier [0x0x7ff74a6afed0+79264]
	(No symbol) [0x0x7ff74a469e5a]
	(No symbol) [0x0x7ff74a4c0586]
	(No symbol) [0x0x7ff74a4c083c]
	(No symbol) [0x0x7ff74a514247]
	(No symbol) [0x0x7ff74a4e89af]
	(No symbol) [0x0x7ff74a51100d]
	(No symbol) [0x0x7ff74a4e8743]
	(No symbol) [0x0x7ff74a4b14c1]
	(No symbol) [0x0x7ff74a4b2253]
	GetHandleVerifier [0x0x7ff74a97a2ad+3004797]
	GetHandleVerifier [0x0x7ff74a9746fd+2981325]
	GetHandleVerifier [0x0x7ff74a993350+3107360]
	GetHandleVerifier [0x0x7ff74a6ca9fe+188622]
	GetHandleVerifier [0x0x7ff74a6d228f+219487]
	GetHandleVerifier [0x0x7ff74a6b8dc4+115860]
	GetHandleVerifier [0x0x7ff74a6b8f79+116297]
	GetHandleVerifier [0x0x7ff74a69f528+11256]
	BaseThreadInitThunk [0x0x7ffc862f7374+20]
	RtlUserThreadStart [0x0x7ffc870bcc91+33]

2025-06-11 14:49:58,893 - INFO - Excel status updated: E:/blast/D'vine/D'vine Residence22_report.xlsx
2025-06-11 14:50:24,577 - ERROR - Failed to load chat or detect error for 601131945122: Message: 
Stacktrace:
	GetHandleVerifier [0x0x7ff74a6afe75+79173]
	GetHandleVerifier [0x0x7ff74a6afed0+79264]
	(No symbol) [0x0x7ff74a469e5a]
	(No symbol) [0x0x7ff74a4c0586]
	(No symbol) [0x0x7ff74a4c083c]
	(No symbol) [0x0x7ff74a514247]
	(No symbol) [0x0x7ff74a4e89af]
	(No symbol) [0x0x7ff74a51100d]
	(No symbol) [0x0x7ff74a4e8743]
	(No symbol) [0x0x7ff74a4b14c1]
	(No symbol) [0x0x7ff74a4b2253]
	GetHandleVerifier [0x0x7ff74a97a2ad+3004797]
	GetHandleVerifier [0x0x7ff74a9746fd+2981325]
	GetHandleVerifier [0x0x7ff74a993350+3107360]
	GetHandleVerifier [0x0x7ff74a6ca9fe+188622]
	GetHandleVerifier [0x0x7ff74a6d228f+219487]
	GetHandleVerifier [0x0x7ff74a6b8dc4+115860]
	GetHandleVerifier [0x0x7ff74a6b8f79+116297]
	GetHandleVerifier [0x0x7ff74a69f528+11256]
	BaseThreadInitThunk [0x0x7ffc862f7374+20]
	RtlUserThreadStart [0x0x7ffc870bcc91+33]

2025-06-11 14:50:24,714 - INFO - Excel status updated: E:/blast/D'vine/D'vine Residence22_report.xlsx
2025-06-11 14:50:47,125 - ERROR - Failed to load chat or detect error for 60126542673: Message: 
Stacktrace:
	GetHandleVerifier [0x0x7ff74a6afe75+79173]
	GetHandleVerifier [0x0x7ff74a6afed0+79264]
	(No symbol) [0x0x7ff74a469e5a]
	(No symbol) [0x0x7ff74a4c0586]
	(No symbol) [0x0x7ff74a4c083c]
	(No symbol) [0x0x7ff74a514247]
	(No symbol) [0x0x7ff74a4e89af]
	(No symbol) [0x0x7ff74a51100d]
	(No symbol) [0x0x7ff74a4e8743]
	(No symbol) [0x0x7ff74a4b14c1]
	(No symbol) [0x0x7ff74a4b2253]
	GetHandleVerifier [0x0x7ff74a97a2ad+3004797]
	GetHandleVerifier [0x0x7ff74a9746fd+2981325]
	GetHandleVerifier [0x0x7ff74a993350+3107360]
	GetHandleVerifier [0x0x7ff74a6ca9fe+188622]
	GetHandleVerifier [0x0x7ff74a6d228f+219487]
	GetHandleVerifier [0x0x7ff74a6b8dc4+115860]
	GetHandleVerifier [0x0x7ff74a6b8f79+116297]
	GetHandleVerifier [0x0x7ff74a69f528+11256]
	BaseThreadInitThunk [0x0x7ffc862f7374+20]
	RtlUserThreadStart [0x0x7ffc870bcc91+33]

2025-06-11 14:50:47,245 - INFO - Excel status updated: E:/blast/D'vine/D'vine Residence22_report.xlsx
2025-06-11 14:51:08,420 - ERROR - Failed to load chat or detect error for 601163966311: Message: 
Stacktrace:
	GetHandleVerifier [0x0x7ff74a6afe75+79173]
	GetHandleVerifier [0x0x7ff74a6afed0+79264]
	(No symbol) [0x0x7ff74a469e5a]
	(No symbol) [0x0x7ff74a4c0586]
	(No symbol) [0x0x7ff74a4c083c]
	(No symbol) [0x0x7ff74a514247]
	(No symbol) [0x0x7ff74a4e89af]
	(No symbol) [0x0x7ff74a51100d]
	(No symbol) [0x0x7ff74a4e8743]
	(No symbol) [0x0x7ff74a4b14c1]
	(No symbol) [0x0x7ff74a4b2253]
	GetHandleVerifier [0x0x7ff74a97a2ad+3004797]
	GetHandleVerifier [0x0x7ff74a9746fd+2981325]
	GetHandleVerifier [0x0x7ff74a993350+3107360]
	GetHandleVerifier [0x0x7ff74a6ca9fe+188622]
	GetHandleVerifier [0x0x7ff74a6d228f+219487]
	GetHandleVerifier [0x0x7ff74a6b8dc4+115860]
	GetHandleVerifier [0x0x7ff74a6b8f79+116297]
	GetHandleVerifier [0x0x7ff74a69f528+11256]
	BaseThreadInitThunk [0x0x7ffc862f7374+20]
	RtlUserThreadStart [0x0x7ffc870bcc91+33]

2025-06-11 14:51:08,539 - INFO - Excel status updated: E:/blast/D'vine/D'vine Residence22_report.xlsx
2025-06-11 14:51:31,182 - ERROR - Failed to load chat or detect error for 60175032932: Message: 
Stacktrace:
	GetHandleVerifier [0x0x7ff74a6afe75+79173]
	GetHandleVerifier [0x0x7ff74a6afed0+79264]
	(No symbol) [0x0x7ff74a469e5a]
	(No symbol) [0x0x7ff74a4c0586]
	(No symbol) [0x0x7ff74a4c083c]
	(No symbol) [0x0x7ff74a514247]
	(No symbol) [0x0x7ff74a4e89af]
	(No symbol) [0x0x7ff74a51100d]
	(No symbol) [0x0x7ff74a4e8743]
	(No symbol) [0x0x7ff74a4b14c1]
	(No symbol) [0x0x7ff74a4b2253]
	GetHandleVerifier [0x0x7ff74a97a2ad+3004797]
	GetHandleVerifier [0x0x7ff74a9746fd+2981325]
	GetHandleVerifier [0x0x7ff74a993350+3107360]
	GetHandleVerifier [0x0x7ff74a6ca9fe+188622]
	GetHandleVerifier [0x0x7ff74a6d228f+219487]
	GetHandleVerifier [0x0x7ff74a6b8dc4+115860]
	GetHandleVerifier [0x0x7ff74a6b8f79+116297]
	GetHandleVerifier [0x0x7ff74a69f528+11256]
	BaseThreadInitThunk [0x0x7ffc862f7374+20]
	RtlUserThreadStart [0x0x7ffc870bcc91+33]

2025-06-11 14:51:31,303 - INFO - Excel status updated: E:/blast/D'vine/D'vine Residence22_report.xlsx
2025-06-11 14:51:53,968 - ERROR - Failed to load chat or detect error for 601123717301: Message: 
Stacktrace:
	GetHandleVerifier [0x0x7ff74a6afe75+79173]
	GetHandleVerifier [0x0x7ff74a6afed0+79264]
	(No symbol) [0x0x7ff74a469e5a]
	(No symbol) [0x0x7ff74a4c0586]
	(No symbol) [0x0x7ff74a4c083c]
	(No symbol) [0x0x7ff74a514247]
	(No symbol) [0x0x7ff74a4e89af]
	(No symbol) [0x0x7ff74a51100d]
	(No symbol) [0x0x7ff74a4e8743]
	(No symbol) [0x0x7ff74a4b14c1]
	(No symbol) [0x0x7ff74a4b2253]
	GetHandleVerifier [0x0x7ff74a97a2ad+3004797]
	GetHandleVerifier [0x0x7ff74a9746fd+2981325]
	GetHandleVerifier [0x0x7ff74a993350+3107360]
	GetHandleVerifier [0x0x7ff74a6ca9fe+188622]
	GetHandleVerifier [0x0x7ff74a6d228f+219487]
	GetHandleVerifier [0x0x7ff74a6b8dc4+115860]
	GetHandleVerifier [0x0x7ff74a6b8f79+116297]
	GetHandleVerifier [0x0x7ff74a69f528+11256]
	BaseThreadInitThunk [0x0x7ffc862f7374+20]
	RtlUserThreadStart [0x0x7ffc870bcc91+33]

2025-06-11 14:51:54,094 - INFO - Excel status updated: E:/blast/D'vine/D'vine Residence22_report.xlsx
2025-06-11 14:52:16,791 - ERROR - Failed to load chat or detect error for 60126501804: Message: 
Stacktrace:
	GetHandleVerifier [0x0x7ff74a6afe75+79173]
	GetHandleVerifier [0x0x7ff74a6afed0+79264]
	(No symbol) [0x0x7ff74a469e5a]
	(No symbol) [0x0x7ff74a4c0586]
	(No symbol) [0x0x7ff74a4c083c]
	(No symbol) [0x0x7ff74a514247]
	(No symbol) [0x0x7ff74a4e89af]
	(No symbol) [0x0x7ff74a51100d]
	(No symbol) [0x0x7ff74a4e8743]
	(No symbol) [0x0x7ff74a4b14c1]
	(No symbol) [0x0x7ff74a4b2253]
	GetHandleVerifier [0x0x7ff74a97a2ad+3004797]
	GetHandleVerifier [0x0x7ff74a9746fd+2981325]
	GetHandleVerifier [0x0x7ff74a993350+3107360]
	GetHandleVerifier [0x0x7ff74a6ca9fe+188622]
	GetHandleVerifier [0x0x7ff74a6d228f+219487]
	GetHandleVerifier [0x0x7ff74a6b8dc4+115860]
	GetHandleVerifier [0x0x7ff74a6b8f79+116297]
	GetHandleVerifier [0x0x7ff74a69f528+11256]
	BaseThreadInitThunk [0x0x7ffc862f7374+20]
	RtlUserThreadStart [0x0x7ffc870bcc91+33]

2025-06-11 14:52:16,918 - INFO - Excel status updated: E:/blast/D'vine/D'vine Residence22_report.xlsx
2025-06-11 14:52:39,144 - ERROR - Failed to load chat or detect error for 60132328969: Message: 
Stacktrace:
	GetHandleVerifier [0x0x7ff74a6afe75+79173]
	GetHandleVerifier [0x0x7ff74a6afed0+79264]
	(No symbol) [0x0x7ff74a469e5a]
	(No symbol) [0x0x7ff74a4c0586]
	(No symbol) [0x0x7ff74a4c083c]
	(No symbol) [0x0x7ff74a514247]
	(No symbol) [0x0x7ff74a4e89af]
	(No symbol) [0x0x7ff74a51100d]
	(No symbol) [0x0x7ff74a4e8743]
	(No symbol) [0x0x7ff74a4b14c1]
	(No symbol) [0x0x7ff74a4b2253]
	GetHandleVerifier [0x0x7ff74a97a2ad+3004797]
	GetHandleVerifier [0x0x7ff74a9746fd+2981325]
	GetHandleVerifier [0x0x7ff74a993350+3107360]
	GetHandleVerifier [0x0x7ff74a6ca9fe+188622]
	GetHandleVerifier [0x0x7ff74a6d228f+219487]
	GetHandleVerifier [0x0x7ff74a6b8dc4+115860]
	GetHandleVerifier [0x0x7ff74a6b8f79+116297]
	GetHandleVerifier [0x0x7ff74a69f528+11256]
	BaseThreadInitThunk [0x0x7ffc862f7374+20]
	RtlUserThreadStart [0x0x7ffc870bcc91+33]

2025-06-11 14:52:39,307 - INFO - Excel status updated: E:/blast/D'vine/D'vine Residence22_report.xlsx
2025-06-11 14:53:02,097 - ERROR - Failed to load chat or detect error for 60149050478: Message: 
Stacktrace:
	GetHandleVerifier [0x0x7ff74a6afe75+79173]
	GetHandleVerifier [0x0x7ff74a6afed0+79264]
	(No symbol) [0x0x7ff74a469e5a]
	(No symbol) [0x0x7ff74a4c0586]
	(No symbol) [0x0x7ff74a4c083c]
	(No symbol) [0x0x7ff74a514247]
	(No symbol) [0x0x7ff74a4e89af]
	(No symbol) [0x0x7ff74a51100d]
	(No symbol) [0x0x7ff74a4e8743]
	(No symbol) [0x0x7ff74a4b14c1]
	(No symbol) [0x0x7ff74a4b2253]
	GetHandleVerifier [0x0x7ff74a97a2ad+3004797]
	GetHandleVerifier [0x0x7ff74a9746fd+2981325]
	GetHandleVerifier [0x0x7ff74a993350+3107360]
	GetHandleVerifier [0x0x7ff74a6ca9fe+188622]
	GetHandleVerifier [0x0x7ff74a6d228f+219487]
	GetHandleVerifier [0x0x7ff74a6b8dc4+115860]
	GetHandleVerifier [0x0x7ff74a6b8f79+116297]
	GetHandleVerifier [0x0x7ff74a69f528+11256]
	BaseThreadInitThunk [0x0x7ffc862f7374+20]
	RtlUserThreadStart [0x0x7ffc870bcc91+33]

2025-06-11 14:53:02,241 - INFO - Excel status updated: E:/blast/D'vine/D'vine Residence22_report.xlsx
2025-06-11 14:53:23,402 - ERROR - Failed to load chat or detect error for 60176963186: Message: 
Stacktrace:
	GetHandleVerifier [0x0x7ff74a6afe75+79173]
	GetHandleVerifier [0x0x7ff74a6afed0+79264]
	(No symbol) [0x0x7ff74a469e5a]
	(No symbol) [0x0x7ff74a4c0586]
	(No symbol) [0x0x7ff74a4c083c]
	(No symbol) [0x0x7ff74a514247]
	(No symbol) [0x0x7ff74a4e89af]
	(No symbol) [0x0x7ff74a51100d]
	(No symbol) [0x0x7ff74a4e8743]
	(No symbol) [0x0x7ff74a4b14c1]
	(No symbol) [0x0x7ff74a4b2253]
	GetHandleVerifier [0x0x7ff74a97a2ad+3004797]
	GetHandleVerifier [0x0x7ff74a9746fd+2981325]
	GetHandleVerifier [0x0x7ff74a993350+3107360]
	GetHandleVerifier [0x0x7ff74a6ca9fe+188622]
	GetHandleVerifier [0x0x7ff74a6d228f+219487]
	GetHandleVerifier [0x0x7ff74a6b8dc4+115860]
	GetHandleVerifier [0x0x7ff74a6b8f79+116297]
	GetHandleVerifier [0x0x7ff74a69f528+11256]
	BaseThreadInitThunk [0x0x7ffc862f7374+20]
	RtlUserThreadStart [0x0x7ffc870bcc91+33]

2025-06-11 14:53:23,533 - INFO - Excel status updated: E:/blast/D'vine/D'vine Residence22_report.xlsx
2025-06-11 14:53:48,267 - ERROR - Failed to load chat or detect error for 60128852410: Message: 
Stacktrace:
	GetHandleVerifier [0x0x7ff74a6afe75+79173]
	GetHandleVerifier [0x0x7ff74a6afed0+79264]
	(No symbol) [0x0x7ff74a469e5a]
	(No symbol) [0x0x7ff74a4c0586]
	(No symbol) [0x0x7ff74a4c083c]
	(No symbol) [0x0x7ff74a514247]
	(No symbol) [0x0x7ff74a4e89af]
	(No symbol) [0x0x7ff74a51100d]
	(No symbol) [0x0x7ff74a4e8743]
	(No symbol) [0x0x7ff74a4b14c1]
	(No symbol) [0x0x7ff74a4b2253]
	GetHandleVerifier [0x0x7ff74a97a2ad+3004797]
	GetHandleVerifier [0x0x7ff74a9746fd+2981325]
	GetHandleVerifier [0x0x7ff74a993350+3107360]
	GetHandleVerifier [0x0x7ff74a6ca9fe+188622]
	GetHandleVerifier [0x0x7ff74a6d228f+219487]
	GetHandleVerifier [0x0x7ff74a6b8dc4+115860]
	GetHandleVerifier [0x0x7ff74a6b8f79+116297]
	GetHandleVerifier [0x0x7ff74a69f528+11256]
	BaseThreadInitThunk [0x0x7ffc862f7374+20]
	RtlUserThreadStart [0x0x7ffc870bcc91+33]

2025-06-11 14:53:48,381 - INFO - Excel status updated: E:/blast/D'vine/D'vine Residence22_report.xlsx
2025-06-11 14:54:11,678 - ERROR - Failed to load chat or detect error for 60192187088: Message: 
Stacktrace:
	GetHandleVerifier [0x0x7ff74a6afe75+79173]
	GetHandleVerifier [0x0x7ff74a6afed0+79264]
	(No symbol) [0x0x7ff74a469e5a]
	(No symbol) [0x0x7ff74a4c0586]
	(No symbol) [0x0x7ff74a4c083c]
	(No symbol) [0x0x7ff74a514247]
	(No symbol) [0x0x7ff74a4e89af]
	(No symbol) [0x0x7ff74a51100d]
	(No symbol) [0x0x7ff74a4e8743]
	(No symbol) [0x0x7ff74a4b14c1]
	(No symbol) [0x0x7ff74a4b2253]
	GetHandleVerifier [0x0x7ff74a97a2ad+3004797]
	GetHandleVerifier [0x0x7ff74a9746fd+2981325]
	GetHandleVerifier [0x0x7ff74a993350+3107360]
	GetHandleVerifier [0x0x7ff74a6ca9fe+188622]
	GetHandleVerifier [0x0x7ff74a6d228f+219487]
	GetHandleVerifier [0x0x7ff74a6b8dc4+115860]
	GetHandleVerifier [0x0x7ff74a6b8f79+116297]
	GetHandleVerifier [0x0x7ff74a69f528+11256]
	BaseThreadInitThunk [0x0x7ffc862f7374+20]
	RtlUserThreadStart [0x0x7ffc870bcc91+33]

2025-06-11 14:54:11,801 - INFO - Excel status updated: E:/blast/D'vine/D'vine Residence22_report.xlsx
2025-06-11 14:54:33,844 - ERROR - Failed to load chat or detect error for 60125100908: Message: 
Stacktrace:
	GetHandleVerifier [0x0x7ff74a6afe75+79173]
	GetHandleVerifier [0x0x7ff74a6afed0+79264]
	(No symbol) [0x0x7ff74a469e5a]
	(No symbol) [0x0x7ff74a4c0586]
	(No symbol) [0x0x7ff74a4c083c]
	(No symbol) [0x0x7ff74a514247]
	(No symbol) [0x0x7ff74a4e89af]
	(No symbol) [0x0x7ff74a51100d]
	(No symbol) [0x0x7ff74a4e8743]
	(No symbol) [0x0x7ff74a4b14c1]
	(No symbol) [0x0x7ff74a4b2253]
	GetHandleVerifier [0x0x7ff74a97a2ad+3004797]
	GetHandleVerifier [0x0x7ff74a9746fd+2981325]
	GetHandleVerifier [0x0x7ff74a993350+3107360]
	GetHandleVerifier [0x0x7ff74a6ca9fe+188622]
	GetHandleVerifier [0x0x7ff74a6d228f+219487]
	GetHandleVerifier [0x0x7ff74a6b8dc4+115860]
	GetHandleVerifier [0x0x7ff74a6b8f79+116297]
	GetHandleVerifier [0x0x7ff74a69f528+11256]
	BaseThreadInitThunk [0x0x7ffc862f7374+20]
	RtlUserThreadStart [0x0x7ffc870bcc91+33]

2025-06-11 14:54:33,991 - INFO - Excel status updated: E:/blast/D'vine/D'vine Residence22_report.xlsx
2025-06-11 14:54:55,253 - ERROR - Failed to load chat or detect error for 60198293350: Message: 
Stacktrace:
	GetHandleVerifier [0x0x7ff74a6afe75+79173]
	GetHandleVerifier [0x0x7ff74a6afed0+79264]
	(No symbol) [0x0x7ff74a469e5a]
	(No symbol) [0x0x7ff74a4c0586]
	(No symbol) [0x0x7ff74a4c083c]
	(No symbol) [0x0x7ff74a514247]
	(No symbol) [0x0x7ff74a4e89af]
	(No symbol) [0x0x7ff74a51100d]
	(No symbol) [0x0x7ff74a4e8743]
	(No symbol) [0x0x7ff74a4b14c1]
	(No symbol) [0x0x7ff74a4b2253]
	GetHandleVerifier [0x0x7ff74a97a2ad+3004797]
	GetHandleVerifier [0x0x7ff74a9746fd+2981325]
	GetHandleVerifier [0x0x7ff74a993350+3107360]
	GetHandleVerifier [0x0x7ff74a6ca9fe+188622]
	GetHandleVerifier [0x0x7ff74a6d228f+219487]
	GetHandleVerifier [0x0x7ff74a6b8dc4+115860]
	GetHandleVerifier [0x0x7ff74a6b8f79+116297]
	GetHandleVerifier [0x0x7ff74a69f528+11256]
	BaseThreadInitThunk [0x0x7ffc862f7374+20]
	RtlUserThreadStart [0x0x7ffc870bcc91+33]

2025-06-11 14:54:55,474 - INFO - Excel status updated: E:/blast/D'vine/D'vine Residence22_report.xlsx; Report generated: E:/blast/D'vine/D'vine Residence22_report.xlsx; Automation completed!
Report generated: E:/blast/D'vine/D'vine Residence22_report.xlsx
Total messages: 29
Successful: 8
Failed: 21
Success rate: 27.6%
Report saved as: E:/blast/D'vine/D'vine Residence22_report.xlsx
2025-06-11 14:55:15,712 - INFO - Checking login status...
2025-06-11 14:55:37,750 - INFO - Already logged in - starting in headless mode
2025-06-11 14:55:50,157 - INFO - Successfully initialized headless mode
2025-06-11 15:04:19,709 - INFO - Message sent to 60139923712
2025-06-11 15:04:20,106 - INFO - Excel status updated: E:/blast/D'vine/D'vine Residence22_report.xlsx
2025-06-11 15:11:00,789 - INFO - Message sent to 601110895185
2025-06-11 15:11:01,154 - INFO - Excel status updated: E:/blast/D'vine/D'vine Residence22_report.xlsx
2025-06-11 15:17:38,113 - INFO - Message sent to 60173109956
2025-06-11 15:17:38,413 - INFO - Excel status updated: E:/blast/D'vine/D'vine Residence22_report.xlsx
2025-06-11 15:23:36,461 - INFO - Message sent to 60192589243
2025-06-11 15:23:36,837 - INFO - Excel status updated: E:/blast/D'vine/D'vine Residence22_report.xlsx
2025-06-11 15:30:03,519 - INFO - Message sent to 601127374076
2025-06-11 15:30:03,754 - INFO - Excel status updated: E:/blast/D'vine/D'vine Residence22_report.xlsx
2025-06-11 15:35:56,508 - INFO - Message sent to 60174786088
2025-06-11 15:35:56,794 - INFO - Excel status updated: E:/blast/D'vine/D'vine Residence22_report.xlsx
2025-06-11 15:41:47,893 - INFO - Message sent to 60187889001
2025-06-11 15:41:48,258 - INFO - Excel status updated: E:/blast/D'vine/D'vine Residence22_report.xlsx
2025-06-11 15:48:53,693 - INFO - Message sent to 60179272567
2025-06-11 15:48:54,085 - INFO - Excel status updated: E:/blast/D'vine/D'vine Residence22_report.xlsx
2025-06-11 15:56:40,753 - INFO - Message sent to 601131945122
2025-06-11 15:56:41,108 - INFO - Excel status updated: E:/blast/D'vine/D'vine Residence22_report.xlsx
2025-06-11 16:02:09,675 - INFO - Message sent to 60126542673
2025-06-11 16:02:10,045 - INFO - Excel status updated: E:/blast/D'vine/D'vine Residence22_report.xlsx
2025-06-11 16:08:22,911 - INFO - Message sent to 601163966311
2025-06-11 16:08:23,287 - INFO - Excel status updated: E:/blast/D'vine/D'vine Residence22_report.xlsx
2025-06-11 16:13:50,822 - INFO - Message sent to 60175032932
2025-06-11 16:13:51,022 - INFO - Excel status updated: E:/blast/D'vine/D'vine Residence22_report.xlsx
2025-06-11 16:19:40,794 - INFO - Message sent to 601123717301
2025-06-11 16:19:41,173 - INFO - Excel status updated: E:/blast/D'vine/D'vine Residence22_report.xlsx
2025-06-11 16:26:38,654 - INFO - Message sent to 60126501804
2025-06-11 16:26:39,036 - INFO - Excel status updated: E:/blast/D'vine/D'vine Residence22_report.xlsx
2025-06-11 16:32:58,201 - INFO - Message sent to 60132328969
2025-06-11 16:32:58,570 - INFO - Excel status updated: E:/blast/D'vine/D'vine Residence22_report.xlsx
2025-06-11 16:40:05,799 - INFO - Message sent to 60149050478
2025-06-11 16:40:06,193 - INFO - Excel status updated: E:/blast/D'vine/D'vine Residence22_report.xlsx
2025-06-11 16:45:53,035 - INFO - Message sent to 60176963186
2025-06-11 16:45:53,406 - INFO - Excel status updated: E:/blast/D'vine/D'vine Residence22_report.xlsx
2025-06-11 16:52:16,384 - INFO - Message sent to 60128852410
2025-06-11 16:52:16,887 - INFO - Excel status updated: E:/blast/D'vine/D'vine Residence22_report.xlsx
2025-06-11 17:00:30,138 - INFO - Message sent to 60192187088
2025-06-11 17:00:30,440 - INFO - Excel status updated: E:/blast/D'vine/D'vine Residence22_report.xlsx
2025-06-11 17:06:05,788 - INFO - Message sent to 60125100908
2025-06-11 17:06:06,087 - INFO - Excel status updated: E:/blast/D'vine/D'vine Residence22_report.xlsx
2025-06-11 17:13:25,729 - INFO - Message sent to 60198293350
2025-06-11 17:13:26,134 - INFO - Excel status updated: E:/blast/D'vine/D'vine Residence22_report.xlsx; Report generated: E:/blast/D'vine/D'vine Residence22_report.xlsx; Automation completed!
Report generated: E:/blast/D'vine/D'vine Residence22_report.xlsx
Total messages: 29
Successful: 29
Failed: 0
Success rate: 100.0%
Report saved as: E:/blast/D'vine/D'vine Residence22_report.xlsx
2025-06-12 14:41:20,601 - INFO - Checking login status...
2025-06-12 14:41:39,689 - INFO - Already logged in - starting in headless mode
2025-06-12 14:42:03,069 - INFO - Successfully initialized headless mode
2025-06-12 14:50:09,630 - INFO - Message sent to 60192267500
2025-06-12 14:50:09,935 - INFO - Excel status updated: E:/blast/D'vine/D'vine Residence5_report.xlsx
2025-06-12 14:50:28,700 - WARNING - Invalid phone number for 60132075142. Skipping.
2025-06-12 14:50:28,786 - INFO - Excel status updated: E:/blast/D'vine/D'vine Residence5_report.xlsx
2025-06-12 14:50:50,497 - ERROR - Failed to load chat or detect error for 60133552911: Message: 
Stacktrace:
	GetHandleVerifier [0x0x7ff7a27dfe75+79173]
	GetHandleVerifier [0x0x7ff7a27dfed0+79264]
	(No symbol) [0x0x7ff7a2599e5a]
	(No symbol) [0x0x7ff7a25f0586]
	(No symbol) [0x0x7ff7a25f083c]
	(No symbol) [0x0x7ff7a2644247]
	(No symbol) [0x0x7ff7a26189af]
	(No symbol) [0x0x7ff7a264100d]
	(No symbol) [0x0x7ff7a2618743]
	(No symbol) [0x0x7ff7a25e14c1]
	(No symbol) [0x0x7ff7a25e2253]
	GetHandleVerifier [0x0x7ff7a2aaa2ad+3004797]
	GetHandleVerifier [0x0x7ff7a2aa46fd+2981325]
	GetHandleVerifier [0x0x7ff7a2ac3350+3107360]
	GetHandleVerifier [0x0x7ff7a27fa9fe+188622]
	GetHandleVerifier [0x0x7ff7a280228f+219487]
	GetHandleVerifier [0x0x7ff7a27e8dc4+115860]
	GetHandleVerifier [0x0x7ff7a27e8f79+116297]
	GetHandleVerifier [0x0x7ff7a27cf528+11256]
	BaseThreadInitThunk [0x0x7ffc862f7374+20]
	RtlUserThreadStart [0x0x7ffc870bcc91+33]

2025-06-12 14:50:50,588 - INFO - Excel status updated: E:/blast/D'vine/D'vine Residence5_report.xlsx
2025-06-12 14:51:13,984 - ERROR - Failed to load chat or detect error for 60174426579: Message: 
Stacktrace:
	GetHandleVerifier [0x0x7ff7a27dfe75+79173]
	GetHandleVerifier [0x0x7ff7a27dfed0+79264]
	(No symbol) [0x0x7ff7a2599e5a]
	(No symbol) [0x0x7ff7a25f0586]
	(No symbol) [0x0x7ff7a25f083c]
	(No symbol) [0x0x7ff7a2644247]
	(No symbol) [0x0x7ff7a26189af]
	(No symbol) [0x0x7ff7a264100d]
	(No symbol) [0x0x7ff7a2618743]
	(No symbol) [0x0x7ff7a25e14c1]
	(No symbol) [0x0x7ff7a25e2253]
	GetHandleVerifier [0x0x7ff7a2aaa2ad+3004797]
	GetHandleVerifier [0x0x7ff7a2aa46fd+2981325]
	GetHandleVerifier [0x0x7ff7a2ac3350+3107360]
	GetHandleVerifier [0x0x7ff7a27fa9fe+188622]
	GetHandleVerifier [0x0x7ff7a280228f+219487]
	GetHandleVerifier [0x0x7ff7a27e8dc4+115860]
	GetHandleVerifier [0x0x7ff7a27e8f79+116297]
	GetHandleVerifier [0x0x7ff7a27cf528+11256]
	BaseThreadInitThunk [0x0x7ffc862f7374+20]
	RtlUserThreadStart [0x0x7ffc870bcc91+33]

2025-06-12 14:51:14,066 - INFO - Excel status updated: E:/blast/D'vine/D'vine Residence5_report.xlsx
2025-06-12 14:51:37,017 - ERROR - Failed to load chat or detect error for 60195596147: Message: 
Stacktrace:
	GetHandleVerifier [0x0x7ff7a27dfe75+79173]
	GetHandleVerifier [0x0x7ff7a27dfed0+79264]
	(No symbol) [0x0x7ff7a2599e5a]
	(No symbol) [0x0x7ff7a25f0586]
	(No symbol) [0x0x7ff7a25f083c]
	(No symbol) [0x0x7ff7a2644247]
	(No symbol) [0x0x7ff7a26189af]
	(No symbol) [0x0x7ff7a264100d]
	(No symbol) [0x0x7ff7a2618743]
	(No symbol) [0x0x7ff7a25e14c1]
	(No symbol) [0x0x7ff7a25e2253]
	GetHandleVerifier [0x0x7ff7a2aaa2ad+3004797]
	GetHandleVerifier [0x0x7ff7a2aa46fd+2981325]
	GetHandleVerifier [0x0x7ff7a2ac3350+3107360]
	GetHandleVerifier [0x0x7ff7a27fa9fe+188622]
	GetHandleVerifier [0x0x7ff7a280228f+219487]
	GetHandleVerifier [0x0x7ff7a27e8dc4+115860]
	GetHandleVerifier [0x0x7ff7a27e8f79+116297]
	GetHandleVerifier [0x0x7ff7a27cf528+11256]
	BaseThreadInitThunk [0x0x7ffc862f7374+20]
	RtlUserThreadStart [0x0x7ffc870bcc91+33]

2025-06-12 14:51:37,114 - INFO - Excel status updated: E:/blast/D'vine/D'vine Residence5_report.xlsx
2025-06-12 14:51:59,311 - ERROR - Failed to load chat or detect error for 60174695863: Message: 
Stacktrace:
	GetHandleVerifier [0x0x7ff7a27dfe75+79173]
	GetHandleVerifier [0x0x7ff7a27dfed0+79264]
	(No symbol) [0x0x7ff7a2599e5a]
	(No symbol) [0x0x7ff7a25f0586]
	(No symbol) [0x0x7ff7a25f083c]
	(No symbol) [0x0x7ff7a2644247]
	(No symbol) [0x0x7ff7a26189af]
	(No symbol) [0x0x7ff7a264100d]
	(No symbol) [0x0x7ff7a2618743]
	(No symbol) [0x0x7ff7a25e14c1]
	(No symbol) [0x0x7ff7a25e2253]
	GetHandleVerifier [0x0x7ff7a2aaa2ad+3004797]
	GetHandleVerifier [0x0x7ff7a2aa46fd+2981325]
	GetHandleVerifier [0x0x7ff7a2ac3350+3107360]
	GetHandleVerifier [0x0x7ff7a27fa9fe+188622]
	GetHandleVerifier [0x0x7ff7a280228f+219487]
	GetHandleVerifier [0x0x7ff7a27e8dc4+115860]
	GetHandleVerifier [0x0x7ff7a27e8f79+116297]
	GetHandleVerifier [0x0x7ff7a27cf528+11256]
	BaseThreadInitThunk [0x0x7ffc862f7374+20]
	RtlUserThreadStart [0x0x7ffc870bcc91+33]

2025-06-12 14:51:59,443 - INFO - Excel status updated: E:/blast/D'vine/D'vine Residence5_report.xlsx
2025-06-12 14:52:20,871 - ERROR - Failed to load chat or detect error for 60172444363: Message: 
Stacktrace:
	GetHandleVerifier [0x0x7ff7a27dfe75+79173]
	GetHandleVerifier [0x0x7ff7a27dfed0+79264]
	(No symbol) [0x0x7ff7a2599e5a]
	(No symbol) [0x0x7ff7a25f0586]
	(No symbol) [0x0x7ff7a25f083c]
	(No symbol) [0x0x7ff7a2644247]
	(No symbol) [0x0x7ff7a26189af]
	(No symbol) [0x0x7ff7a264100d]
	(No symbol) [0x0x7ff7a2618743]
	(No symbol) [0x0x7ff7a25e14c1]
	(No symbol) [0x0x7ff7a25e2253]
	GetHandleVerifier [0x0x7ff7a2aaa2ad+3004797]
	GetHandleVerifier [0x0x7ff7a2aa46fd+2981325]
	GetHandleVerifier [0x0x7ff7a2ac3350+3107360]
	GetHandleVerifier [0x0x7ff7a27fa9fe+188622]
	GetHandleVerifier [0x0x7ff7a280228f+219487]
	GetHandleVerifier [0x0x7ff7a27e8dc4+115860]
	GetHandleVerifier [0x0x7ff7a27e8f79+116297]
	GetHandleVerifier [0x0x7ff7a27cf528+11256]
	BaseThreadInitThunk [0x0x7ffc862f7374+20]
	RtlUserThreadStart [0x0x7ffc870bcc91+33]

2025-06-12 14:52:20,992 - INFO - Excel status updated: E:/blast/D'vine/D'vine Residence5_report.xlsx
2025-06-12 14:52:47,389 - ERROR - Failed to load chat or detect error for 60122771697: Message: 
Stacktrace:
	GetHandleVerifier [0x0x7ff7a27dfe75+79173]
	GetHandleVerifier [0x0x7ff7a27dfed0+79264]
	(No symbol) [0x0x7ff7a2599e5a]
	(No symbol) [0x0x7ff7a25f0586]
	(No symbol) [0x0x7ff7a25f083c]
	(No symbol) [0x0x7ff7a2644247]
	(No symbol) [0x0x7ff7a26189af]
	(No symbol) [0x0x7ff7a264100d]
	(No symbol) [0x0x7ff7a2618743]
	(No symbol) [0x0x7ff7a25e14c1]
	(No symbol) [0x0x7ff7a25e2253]
	GetHandleVerifier [0x0x7ff7a2aaa2ad+3004797]
	GetHandleVerifier [0x0x7ff7a2aa46fd+2981325]
	GetHandleVerifier [0x0x7ff7a2ac3350+3107360]
	GetHandleVerifier [0x0x7ff7a27fa9fe+188622]
	GetHandleVerifier [0x0x7ff7a280228f+219487]
	GetHandleVerifier [0x0x7ff7a27e8dc4+115860]
	GetHandleVerifier [0x0x7ff7a27e8f79+116297]
	GetHandleVerifier [0x0x7ff7a27cf528+11256]
	BaseThreadInitThunk [0x0x7ffc862f7374+20]
	RtlUserThreadStart [0x0x7ffc870bcc91+33]

2025-06-12 14:52:47,524 - INFO - Excel status updated: E:/blast/D'vine/D'vine Residence5_report.xlsx
2025-06-12 14:53:08,769 - ERROR - Failed to load chat or detect error for 60194083388: Message: 
Stacktrace:
	GetHandleVerifier [0x0x7ff7a27dfe75+79173]
	GetHandleVerifier [0x0x7ff7a27dfed0+79264]
	(No symbol) [0x0x7ff7a2599e5a]
	(No symbol) [0x0x7ff7a25f0586]
	(No symbol) [0x0x7ff7a25f083c]
	(No symbol) [0x0x7ff7a2644247]
	(No symbol) [0x0x7ff7a26189af]
	(No symbol) [0x0x7ff7a264100d]
	(No symbol) [0x0x7ff7a2618743]
	(No symbol) [0x0x7ff7a25e14c1]
	(No symbol) [0x0x7ff7a25e2253]
	GetHandleVerifier [0x0x7ff7a2aaa2ad+3004797]
	GetHandleVerifier [0x0x7ff7a2aa46fd+2981325]
	GetHandleVerifier [0x0x7ff7a2ac3350+3107360]
	GetHandleVerifier [0x0x7ff7a27fa9fe+188622]
	GetHandleVerifier [0x0x7ff7a280228f+219487]
	GetHandleVerifier [0x0x7ff7a27e8dc4+115860]
	GetHandleVerifier [0x0x7ff7a27e8f79+116297]
	GetHandleVerifier [0x0x7ff7a27cf528+11256]
	BaseThreadInitThunk [0x0x7ffc862f7374+20]
	RtlUserThreadStart [0x0x7ffc870bcc91+33]

2025-06-12 14:53:08,889 - INFO - Excel status updated: E:/blast/D'vine/D'vine Residence5_report.xlsx
2025-06-12 14:53:36,274 - ERROR - Failed to load chat or detect error for 60196346564: Message: 
Stacktrace:
	GetHandleVerifier [0x0x7ff7a27dfe75+79173]
	GetHandleVerifier [0x0x7ff7a27dfed0+79264]
	(No symbol) [0x0x7ff7a2599e5a]
	(No symbol) [0x0x7ff7a25f0586]
	(No symbol) [0x0x7ff7a25f083c]
	(No symbol) [0x0x7ff7a2644247]
	(No symbol) [0x0x7ff7a26189af]
	(No symbol) [0x0x7ff7a264100d]
	(No symbol) [0x0x7ff7a2618743]
	(No symbol) [0x0x7ff7a25e14c1]
	(No symbol) [0x0x7ff7a25e2253]
	GetHandleVerifier [0x0x7ff7a2aaa2ad+3004797]
	GetHandleVerifier [0x0x7ff7a2aa46fd+2981325]
	GetHandleVerifier [0x0x7ff7a2ac3350+3107360]
	GetHandleVerifier [0x0x7ff7a27fa9fe+188622]
	GetHandleVerifier [0x0x7ff7a280228f+219487]
	GetHandleVerifier [0x0x7ff7a27e8dc4+115860]
	GetHandleVerifier [0x0x7ff7a27e8f79+116297]
	GetHandleVerifier [0x0x7ff7a27cf528+11256]
	BaseThreadInitThunk [0x0x7ffc862f7374+20]
	RtlUserThreadStart [0x0x7ffc870bcc91+33]

2025-06-12 14:53:36,385 - INFO - Excel status updated: E:/blast/D'vine/D'vine Residence5_report.xlsx
2025-06-12 14:53:57,966 - ERROR - Failed to load chat or detect error for 601136815122: Message: 
Stacktrace:
	GetHandleVerifier [0x0x7ff7a27dfe75+79173]
	GetHandleVerifier [0x0x7ff7a27dfed0+79264]
	(No symbol) [0x0x7ff7a2599e5a]
	(No symbol) [0x0x7ff7a25f0586]
	(No symbol) [0x0x7ff7a25f083c]
	(No symbol) [0x0x7ff7a2644247]
	(No symbol) [0x0x7ff7a26189af]
	(No symbol) [0x0x7ff7a264100d]
	(No symbol) [0x0x7ff7a2618743]
	(No symbol) [0x0x7ff7a25e14c1]
	(No symbol) [0x0x7ff7a25e2253]
	GetHandleVerifier [0x0x7ff7a2aaa2ad+3004797]
	GetHandleVerifier [0x0x7ff7a2aa46fd+2981325]
	GetHandleVerifier [0x0x7ff7a2ac3350+3107360]
	GetHandleVerifier [0x0x7ff7a27fa9fe+188622]
	GetHandleVerifier [0x0x7ff7a280228f+219487]
	GetHandleVerifier [0x0x7ff7a27e8dc4+115860]
	GetHandleVerifier [0x0x7ff7a27e8f79+116297]
	GetHandleVerifier [0x0x7ff7a27cf528+11256]
	BaseThreadInitThunk [0x0x7ffc862f7374+20]
	RtlUserThreadStart [0x0x7ffc870bcc91+33]

2025-06-12 14:53:58,083 - INFO - Excel status updated: E:/blast/D'vine/D'vine Residence5_report.xlsx
2025-06-12 14:54:19,692 - ERROR - Failed to load chat or detect error for 60129071201: Message: 
Stacktrace:
	GetHandleVerifier [0x0x7ff7a27dfe75+79173]
	GetHandleVerifier [0x0x7ff7a27dfed0+79264]
	(No symbol) [0x0x7ff7a2599e5a]
	(No symbol) [0x0x7ff7a25f0586]
	(No symbol) [0x0x7ff7a25f083c]
	(No symbol) [0x0x7ff7a2644247]
	(No symbol) [0x0x7ff7a26189af]
	(No symbol) [0x0x7ff7a264100d]
	(No symbol) [0x0x7ff7a2618743]
	(No symbol) [0x0x7ff7a25e14c1]
	(No symbol) [0x0x7ff7a25e2253]
	GetHandleVerifier [0x0x7ff7a2aaa2ad+3004797]
	GetHandleVerifier [0x0x7ff7a2aa46fd+2981325]
	GetHandleVerifier [0x0x7ff7a2ac3350+3107360]
	GetHandleVerifier [0x0x7ff7a27fa9fe+188622]
	GetHandleVerifier [0x0x7ff7a280228f+219487]
	GetHandleVerifier [0x0x7ff7a27e8dc4+115860]
	GetHandleVerifier [0x0x7ff7a27e8f79+116297]
	GetHandleVerifier [0x0x7ff7a27cf528+11256]
	BaseThreadInitThunk [0x0x7ffc862f7374+20]
	RtlUserThreadStart [0x0x7ffc870bcc91+33]

2025-06-12 14:54:19,834 - INFO - Excel status updated: E:/blast/D'vine/D'vine Residence5_report.xlsx
2025-06-12 14:54:42,207 - ERROR - Failed to load chat or detect error for 60174672001: Message: 
Stacktrace:
	GetHandleVerifier [0x0x7ff7a27dfe75+79173]
	GetHandleVerifier [0x0x7ff7a27dfed0+79264]
	(No symbol) [0x0x7ff7a2599e5a]
	(No symbol) [0x0x7ff7a25f0586]
	(No symbol) [0x0x7ff7a25f083c]
	(No symbol) [0x0x7ff7a2644247]
	(No symbol) [0x0x7ff7a26189af]
	(No symbol) [0x0x7ff7a264100d]
	(No symbol) [0x0x7ff7a2618743]
	(No symbol) [0x0x7ff7a25e14c1]
	(No symbol) [0x0x7ff7a25e2253]
	GetHandleVerifier [0x0x7ff7a2aaa2ad+3004797]
	GetHandleVerifier [0x0x7ff7a2aa46fd+2981325]
	GetHandleVerifier [0x0x7ff7a2ac3350+3107360]
	GetHandleVerifier [0x0x7ff7a27fa9fe+188622]
	GetHandleVerifier [0x0x7ff7a280228f+219487]
	GetHandleVerifier [0x0x7ff7a27e8dc4+115860]
	GetHandleVerifier [0x0x7ff7a27e8f79+116297]
	GetHandleVerifier [0x0x7ff7a27cf528+11256]
	BaseThreadInitThunk [0x0x7ffc862f7374+20]
	RtlUserThreadStart [0x0x7ffc870bcc91+33]

2025-06-12 14:54:42,319 - INFO - Excel status updated: E:/blast/D'vine/D'vine Residence5_report.xlsx
2025-06-12 14:55:06,126 - ERROR - Failed to load chat or detect error for 60167178021: Message: 
Stacktrace:
	GetHandleVerifier [0x0x7ff7a27dfe75+79173]
	GetHandleVerifier [0x0x7ff7a27dfed0+79264]
	(No symbol) [0x0x7ff7a2599e5a]
	(No symbol) [0x0x7ff7a25f0586]
	(No symbol) [0x0x7ff7a25f083c]
	(No symbol) [0x0x7ff7a2644247]
	(No symbol) [0x0x7ff7a26189af]
	(No symbol) [0x0x7ff7a264100d]
	(No symbol) [0x0x7ff7a2618743]
	(No symbol) [0x0x7ff7a25e14c1]
	(No symbol) [0x0x7ff7a25e2253]
	GetHandleVerifier [0x0x7ff7a2aaa2ad+3004797]
	GetHandleVerifier [0x0x7ff7a2aa46fd+2981325]
	GetHandleVerifier [0x0x7ff7a2ac3350+3107360]
	GetHandleVerifier [0x0x7ff7a27fa9fe+188622]
	GetHandleVerifier [0x0x7ff7a280228f+219487]
	GetHandleVerifier [0x0x7ff7a27e8dc4+115860]
	GetHandleVerifier [0x0x7ff7a27e8f79+116297]
	GetHandleVerifier [0x0x7ff7a27cf528+11256]
	BaseThreadInitThunk [0x0x7ffc862f7374+20]
	RtlUserThreadStart [0x0x7ffc870bcc91+33]

2025-06-12 14:55:06,249 - INFO - Excel status updated: E:/blast/D'vine/D'vine Residence5_report.xlsx
2025-06-12 14:55:28,054 - ERROR - Failed to load chat or detect error for 60123293846: Message: 
Stacktrace:
	GetHandleVerifier [0x0x7ff7a27dfe75+79173]
	GetHandleVerifier [0x0x7ff7a27dfed0+79264]
	(No symbol) [0x0x7ff7a2599e5a]
	(No symbol) [0x0x7ff7a25f0586]
	(No symbol) [0x0x7ff7a25f083c]
	(No symbol) [0x0x7ff7a2644247]
	(No symbol) [0x0x7ff7a26189af]
	(No symbol) [0x0x7ff7a264100d]
	(No symbol) [0x0x7ff7a2618743]
	(No symbol) [0x0x7ff7a25e14c1]
	(No symbol) [0x0x7ff7a25e2253]
	GetHandleVerifier [0x0x7ff7a2aaa2ad+3004797]
	GetHandleVerifier [0x0x7ff7a2aa46fd+2981325]
	GetHandleVerifier [0x0x7ff7a2ac3350+3107360]
	GetHandleVerifier [0x0x7ff7a27fa9fe+188622]
	GetHandleVerifier [0x0x7ff7a280228f+219487]
	GetHandleVerifier [0x0x7ff7a27e8dc4+115860]
	GetHandleVerifier [0x0x7ff7a27e8f79+116297]
	GetHandleVerifier [0x0x7ff7a27cf528+11256]
	BaseThreadInitThunk [0x0x7ffc862f7374+20]
	RtlUserThreadStart [0x0x7ffc870bcc91+33]

2025-06-12 14:55:28,180 - INFO - Excel status updated: E:/blast/D'vine/D'vine Residence5_report.xlsx
2025-06-12 14:55:50,478 - ERROR - Failed to load chat or detect error for 60125205465: Message: 
Stacktrace:
	GetHandleVerifier [0x0x7ff7a27dfe75+79173]
	GetHandleVerifier [0x0x7ff7a27dfed0+79264]
	(No symbol) [0x0x7ff7a2599e5a]
	(No symbol) [0x0x7ff7a25f0586]
	(No symbol) [0x0x7ff7a25f083c]
	(No symbol) [0x0x7ff7a2644247]
	(No symbol) [0x0x7ff7a26189af]
	(No symbol) [0x0x7ff7a264100d]
	(No symbol) [0x0x7ff7a2618743]
	(No symbol) [0x0x7ff7a25e14c1]
	(No symbol) [0x0x7ff7a25e2253]
	GetHandleVerifier [0x0x7ff7a2aaa2ad+3004797]
	GetHandleVerifier [0x0x7ff7a2aa46fd+2981325]
	GetHandleVerifier [0x0x7ff7a2ac3350+3107360]
	GetHandleVerifier [0x0x7ff7a27fa9fe+188622]
	GetHandleVerifier [0x0x7ff7a280228f+219487]
	GetHandleVerifier [0x0x7ff7a27e8dc4+115860]
	GetHandleVerifier [0x0x7ff7a27e8f79+116297]
	GetHandleVerifier [0x0x7ff7a27cf528+11256]
	BaseThreadInitThunk [0x0x7ffc862f7374+20]
	RtlUserThreadStart [0x0x7ffc870bcc91+33]

2025-06-12 14:55:50,617 - INFO - Excel status updated: E:/blast/D'vine/D'vine Residence5_report.xlsx
2025-06-12 14:56:12,444 - ERROR - Failed to load chat or detect error for 60132151998: Message: 
Stacktrace:
	GetHandleVerifier [0x0x7ff7a27dfe75+79173]
	GetHandleVerifier [0x0x7ff7a27dfed0+79264]
	(No symbol) [0x0x7ff7a2599e5a]
	(No symbol) [0x0x7ff7a25f0586]
	(No symbol) [0x0x7ff7a25f083c]
	(No symbol) [0x0x7ff7a2644247]
	(No symbol) [0x0x7ff7a26189af]
	(No symbol) [0x0x7ff7a264100d]
	(No symbol) [0x0x7ff7a2618743]
	(No symbol) [0x0x7ff7a25e14c1]
	(No symbol) [0x0x7ff7a25e2253]
	GetHandleVerifier [0x0x7ff7a2aaa2ad+3004797]
	GetHandleVerifier [0x0x7ff7a2aa46fd+2981325]
	GetHandleVerifier [0x0x7ff7a2ac3350+3107360]
	GetHandleVerifier [0x0x7ff7a27fa9fe+188622]
	GetHandleVerifier [0x0x7ff7a280228f+219487]
	GetHandleVerifier [0x0x7ff7a27e8dc4+115860]
	GetHandleVerifier [0x0x7ff7a27e8f79+116297]
	GetHandleVerifier [0x0x7ff7a27cf528+11256]
	BaseThreadInitThunk [0x0x7ffc862f7374+20]
	RtlUserThreadStart [0x0x7ffc870bcc91+33]

2025-06-12 14:56:12,562 - INFO - Excel status updated: E:/blast/D'vine/D'vine Residence5_report.xlsx
2025-06-12 14:56:35,532 - ERROR - Failed to load chat or detect error for 60167560158: Message: 
Stacktrace:
	GetHandleVerifier [0x0x7ff7a27dfe75+79173]
	GetHandleVerifier [0x0x7ff7a27dfed0+79264]
	(No symbol) [0x0x7ff7a2599e5a]
	(No symbol) [0x0x7ff7a25f0586]
	(No symbol) [0x0x7ff7a25f083c]
	(No symbol) [0x0x7ff7a2644247]
	(No symbol) [0x0x7ff7a26189af]
	(No symbol) [0x0x7ff7a264100d]
	(No symbol) [0x0x7ff7a2618743]
	(No symbol) [0x0x7ff7a25e14c1]
	(No symbol) [0x0x7ff7a25e2253]
	GetHandleVerifier [0x0x7ff7a2aaa2ad+3004797]
	GetHandleVerifier [0x0x7ff7a2aa46fd+2981325]
	GetHandleVerifier [0x0x7ff7a2ac3350+3107360]
	GetHandleVerifier [0x0x7ff7a27fa9fe+188622]
	GetHandleVerifier [0x0x7ff7a280228f+219487]
	GetHandleVerifier [0x0x7ff7a27e8dc4+115860]
	GetHandleVerifier [0x0x7ff7a27e8f79+116297]
	GetHandleVerifier [0x0x7ff7a27cf528+11256]
	BaseThreadInitThunk [0x0x7ffc862f7374+20]
	RtlUserThreadStart [0x0x7ffc870bcc91+33]

2025-06-12 14:56:35,664 - INFO - Excel status updated: E:/blast/D'vine/D'vine Residence5_report.xlsx
2025-06-12 14:56:58,319 - ERROR - Failed to load chat or detect error for 60162614374: Message: 
Stacktrace:
	GetHandleVerifier [0x0x7ff7a27dfe75+79173]
	GetHandleVerifier [0x0x7ff7a27dfed0+79264]
	(No symbol) [0x0x7ff7a2599e5a]
	(No symbol) [0x0x7ff7a25f0586]
	(No symbol) [0x0x7ff7a25f083c]
	(No symbol) [0x0x7ff7a2644247]
	(No symbol) [0x0x7ff7a26189af]
	(No symbol) [0x0x7ff7a264100d]
	(No symbol) [0x0x7ff7a2618743]
	(No symbol) [0x0x7ff7a25e14c1]
	(No symbol) [0x0x7ff7a25e2253]
	GetHandleVerifier [0x0x7ff7a2aaa2ad+3004797]
	GetHandleVerifier [0x0x7ff7a2aa46fd+2981325]
	GetHandleVerifier [0x0x7ff7a2ac3350+3107360]
	GetHandleVerifier [0x0x7ff7a27fa9fe+188622]
	GetHandleVerifier [0x0x7ff7a280228f+219487]
	GetHandleVerifier [0x0x7ff7a27e8dc4+115860]
	GetHandleVerifier [0x0x7ff7a27e8f79+116297]
	GetHandleVerifier [0x0x7ff7a27cf528+11256]
	BaseThreadInitThunk [0x0x7ffc862f7374+20]
	RtlUserThreadStart [0x0x7ffc870bcc91+33]

2025-06-12 14:56:58,443 - INFO - Excel status updated: E:/blast/D'vine/D'vine Residence5_report.xlsx
2025-06-12 14:57:20,815 - ERROR - Failed to load chat or detect error for 60163969010: Message: 
Stacktrace:
	GetHandleVerifier [0x0x7ff7a27dfe75+79173]
	GetHandleVerifier [0x0x7ff7a27dfed0+79264]
	(No symbol) [0x0x7ff7a2599e5a]
	(No symbol) [0x0x7ff7a25f0586]
	(No symbol) [0x0x7ff7a25f083c]
	(No symbol) [0x0x7ff7a2644247]
	(No symbol) [0x0x7ff7a26189af]
	(No symbol) [0x0x7ff7a264100d]
	(No symbol) [0x0x7ff7a2618743]
	(No symbol) [0x0x7ff7a25e14c1]
	(No symbol) [0x0x7ff7a25e2253]
	GetHandleVerifier [0x0x7ff7a2aaa2ad+3004797]
	GetHandleVerifier [0x0x7ff7a2aa46fd+2981325]
	GetHandleVerifier [0x0x7ff7a2ac3350+3107360]
	GetHandleVerifier [0x0x7ff7a27fa9fe+188622]
	GetHandleVerifier [0x0x7ff7a280228f+219487]
	GetHandleVerifier [0x0x7ff7a27e8dc4+115860]
	GetHandleVerifier [0x0x7ff7a27e8f79+116297]
	GetHandleVerifier [0x0x7ff7a27cf528+11256]
	BaseThreadInitThunk [0x0x7ffc862f7374+20]
	RtlUserThreadStart [0x0x7ffc870bcc91+33]

2025-06-12 14:57:20,945 - INFO - Excel status updated: E:/blast/D'vine/D'vine Residence5_report.xlsx
2025-06-12 14:57:39,759 - WARNING - Invalid phone number for 60149649269. Skipping.
2025-06-12 14:57:39,870 - INFO - Excel status updated: E:/blast/D'vine/D'vine Residence5_report.xlsx
2025-06-12 14:58:01,239 - ERROR - Failed to load chat or detect error for 60103616808: Message: 
Stacktrace:
	GetHandleVerifier [0x0x7ff7a27dfe75+79173]
	GetHandleVerifier [0x0x7ff7a27dfed0+79264]
	(No symbol) [0x0x7ff7a2599e5a]
	(No symbol) [0x0x7ff7a25f0586]
	(No symbol) [0x0x7ff7a25f083c]
	(No symbol) [0x0x7ff7a2644247]
	(No symbol) [0x0x7ff7a26189af]
	(No symbol) [0x0x7ff7a264100d]
	(No symbol) [0x0x7ff7a2618743]
	(No symbol) [0x0x7ff7a25e14c1]
	(No symbol) [0x0x7ff7a25e2253]
	GetHandleVerifier [0x0x7ff7a2aaa2ad+3004797]
	GetHandleVerifier [0x0x7ff7a2aa46fd+2981325]
	GetHandleVerifier [0x0x7ff7a2ac3350+3107360]
	GetHandleVerifier [0x0x7ff7a27fa9fe+188622]
	GetHandleVerifier [0x0x7ff7a280228f+219487]
	GetHandleVerifier [0x0x7ff7a27e8dc4+115860]
	GetHandleVerifier [0x0x7ff7a27e8f79+116297]
	GetHandleVerifier [0x0x7ff7a27cf528+11256]
	BaseThreadInitThunk [0x0x7ffc862f7374+20]
	RtlUserThreadStart [0x0x7ffc870bcc91+33]

2025-06-12 14:58:01,366 - INFO - Excel status updated: E:/blast/D'vine/D'vine Residence5_report.xlsx
2025-06-12 14:58:24,038 - ERROR - Failed to load chat or detect error for 601116261569: Message: 
Stacktrace:
	GetHandleVerifier [0x0x7ff7a27dfe75+79173]
	GetHandleVerifier [0x0x7ff7a27dfed0+79264]
	(No symbol) [0x0x7ff7a2599e5a]
	(No symbol) [0x0x7ff7a25f0586]
	(No symbol) [0x0x7ff7a25f083c]
	(No symbol) [0x0x7ff7a2644247]
	(No symbol) [0x0x7ff7a26189af]
	(No symbol) [0x0x7ff7a264100d]
	(No symbol) [0x0x7ff7a2618743]
	(No symbol) [0x0x7ff7a25e14c1]
	(No symbol) [0x0x7ff7a25e2253]
	GetHandleVerifier [0x0x7ff7a2aaa2ad+3004797]
	GetHandleVerifier [0x0x7ff7a2aa46fd+2981325]
	GetHandleVerifier [0x0x7ff7a2ac3350+3107360]
	GetHandleVerifier [0x0x7ff7a27fa9fe+188622]
	GetHandleVerifier [0x0x7ff7a280228f+219487]
	GetHandleVerifier [0x0x7ff7a27e8dc4+115860]
	GetHandleVerifier [0x0x7ff7a27e8f79+116297]
	GetHandleVerifier [0x0x7ff7a27cf528+11256]
	BaseThreadInitThunk [0x0x7ffc862f7374+20]
	RtlUserThreadStart [0x0x7ffc870bcc91+33]

2025-06-12 14:58:24,186 - INFO - Excel status updated: E:/blast/D'vine/D'vine Residence5_report.xlsx
2025-06-12 14:58:46,190 - ERROR - Failed to load chat or detect error for 60182993533: Message: 
Stacktrace:
	GetHandleVerifier [0x0x7ff7a27dfe75+79173]
	GetHandleVerifier [0x0x7ff7a27dfed0+79264]
	(No symbol) [0x0x7ff7a2599e5a]
	(No symbol) [0x0x7ff7a25f0586]
	(No symbol) [0x0x7ff7a25f083c]
	(No symbol) [0x0x7ff7a2644247]
	(No symbol) [0x0x7ff7a26189af]
	(No symbol) [0x0x7ff7a264100d]
	(No symbol) [0x0x7ff7a2618743]
	(No symbol) [0x0x7ff7a25e14c1]
	(No symbol) [0x0x7ff7a25e2253]
	GetHandleVerifier [0x0x7ff7a2aaa2ad+3004797]
	GetHandleVerifier [0x0x7ff7a2aa46fd+2981325]
	GetHandleVerifier [0x0x7ff7a2ac3350+3107360]
	GetHandleVerifier [0x0x7ff7a27fa9fe+188622]
	GetHandleVerifier [0x0x7ff7a280228f+219487]
	GetHandleVerifier [0x0x7ff7a27e8dc4+115860]
	GetHandleVerifier [0x0x7ff7a27e8f79+116297]
	GetHandleVerifier [0x0x7ff7a27cf528+11256]
	BaseThreadInitThunk [0x0x7ffc862f7374+20]
	RtlUserThreadStart [0x0x7ffc870bcc91+33]

2025-06-12 14:58:46,306 - INFO - Excel status updated: E:/blast/D'vine/D'vine Residence5_report.xlsx
2025-06-12 14:59:08,721 - ERROR - Failed to load chat or detect error for 601133217287: Message: 
Stacktrace:
	GetHandleVerifier [0x0x7ff7a27dfe75+79173]
	GetHandleVerifier [0x0x7ff7a27dfed0+79264]
	(No symbol) [0x0x7ff7a2599e5a]
	(No symbol) [0x0x7ff7a25f0586]
	(No symbol) [0x0x7ff7a25f083c]
	(No symbol) [0x0x7ff7a2644247]
	(No symbol) [0x0x7ff7a26189af]
	(No symbol) [0x0x7ff7a264100d]
	(No symbol) [0x0x7ff7a2618743]
	(No symbol) [0x0x7ff7a25e14c1]
	(No symbol) [0x0x7ff7a25e2253]
	GetHandleVerifier [0x0x7ff7a2aaa2ad+3004797]
	GetHandleVerifier [0x0x7ff7a2aa46fd+2981325]
	GetHandleVerifier [0x0x7ff7a2ac3350+3107360]
	GetHandleVerifier [0x0x7ff7a27fa9fe+188622]
	GetHandleVerifier [0x0x7ff7a280228f+219487]
	GetHandleVerifier [0x0x7ff7a27e8dc4+115860]
	GetHandleVerifier [0x0x7ff7a27e8f79+116297]
	GetHandleVerifier [0x0x7ff7a27cf528+11256]
	BaseThreadInitThunk [0x0x7ffc862f7374+20]
	RtlUserThreadStart [0x0x7ffc870bcc91+33]

2025-06-12 14:59:08,855 - INFO - Excel status updated: E:/blast/D'vine/D'vine Residence5_report.xlsx
2025-06-12 14:59:31,561 - ERROR - Failed to load chat or detect error for 60132663027: Message: 
Stacktrace:
	GetHandleVerifier [0x0x7ff7a27dfe75+79173]
	GetHandleVerifier [0x0x7ff7a27dfed0+79264]
	(No symbol) [0x0x7ff7a2599e5a]
	(No symbol) [0x0x7ff7a25f0586]
	(No symbol) [0x0x7ff7a25f083c]
	(No symbol) [0x0x7ff7a2644247]
	(No symbol) [0x0x7ff7a26189af]
	(No symbol) [0x0x7ff7a264100d]
	(No symbol) [0x0x7ff7a2618743]
	(No symbol) [0x0x7ff7a25e14c1]
	(No symbol) [0x0x7ff7a25e2253]
	GetHandleVerifier [0x0x7ff7a2aaa2ad+3004797]
	GetHandleVerifier [0x0x7ff7a2aa46fd+2981325]
	GetHandleVerifier [0x0x7ff7a2ac3350+3107360]
	GetHandleVerifier [0x0x7ff7a27fa9fe+188622]
	GetHandleVerifier [0x0x7ff7a280228f+219487]
	GetHandleVerifier [0x0x7ff7a27e8dc4+115860]
	GetHandleVerifier [0x0x7ff7a27e8f79+116297]
	GetHandleVerifier [0x0x7ff7a27cf528+11256]
	BaseThreadInitThunk [0x0x7ffc862f7374+20]
	RtlUserThreadStart [0x0x7ffc870bcc91+33]

2025-06-12 14:59:31,718 - INFO - Excel status updated: E:/blast/D'vine/D'vine Residence5_report.xlsx
2025-06-12 14:59:53,659 - ERROR - Failed to load chat or detect error for 60136444863: Message: 
Stacktrace:
	GetHandleVerifier [0x0x7ff7a27dfe75+79173]
	GetHandleVerifier [0x0x7ff7a27dfed0+79264]
	(No symbol) [0x0x7ff7a2599e5a]
	(No symbol) [0x0x7ff7a25f0586]
	(No symbol) [0x0x7ff7a25f083c]
	(No symbol) [0x0x7ff7a2644247]
	(No symbol) [0x0x7ff7a26189af]
	(No symbol) [0x0x7ff7a264100d]
	(No symbol) [0x0x7ff7a2618743]
	(No symbol) [0x0x7ff7a25e14c1]
	(No symbol) [0x0x7ff7a25e2253]
	GetHandleVerifier [0x0x7ff7a2aaa2ad+3004797]
	GetHandleVerifier [0x0x7ff7a2aa46fd+2981325]
	GetHandleVerifier [0x0x7ff7a2ac3350+3107360]
	GetHandleVerifier [0x0x7ff7a27fa9fe+188622]
	GetHandleVerifier [0x0x7ff7a280228f+219487]
	GetHandleVerifier [0x0x7ff7a27e8dc4+115860]
	GetHandleVerifier [0x0x7ff7a27e8f79+116297]
	GetHandleVerifier [0x0x7ff7a27cf528+11256]
	BaseThreadInitThunk [0x0x7ffc862f7374+20]
	RtlUserThreadStart [0x0x7ffc870bcc91+33]

2025-06-12 14:59:53,772 - INFO - Excel status updated: E:/blast/D'vine/D'vine Residence5_report.xlsx
2025-06-12 15:00:16,510 - ERROR - Failed to load chat or detect error for 60122915261: Message: 
Stacktrace:
	GetHandleVerifier [0x0x7ff7a27dfe75+79173]
	GetHandleVerifier [0x0x7ff7a27dfed0+79264]
	(No symbol) [0x0x7ff7a2599e5a]
	(No symbol) [0x0x7ff7a25f0586]
	(No symbol) [0x0x7ff7a25f083c]
	(No symbol) [0x0x7ff7a2644247]
	(No symbol) [0x0x7ff7a26189af]
	(No symbol) [0x0x7ff7a264100d]
	(No symbol) [0x0x7ff7a2618743]
	(No symbol) [0x0x7ff7a25e14c1]
	(No symbol) [0x0x7ff7a25e2253]
	GetHandleVerifier [0x0x7ff7a2aaa2ad+3004797]
	GetHandleVerifier [0x0x7ff7a2aa46fd+2981325]
	GetHandleVerifier [0x0x7ff7a2ac3350+3107360]
	GetHandleVerifier [0x0x7ff7a27fa9fe+188622]
	GetHandleVerifier [0x0x7ff7a280228f+219487]
	GetHandleVerifier [0x0x7ff7a27e8dc4+115860]
	GetHandleVerifier [0x0x7ff7a27e8f79+116297]
	GetHandleVerifier [0x0x7ff7a27cf528+11256]
	BaseThreadInitThunk [0x0x7ffc862f7374+20]
	RtlUserThreadStart [0x0x7ffc870bcc91+33]

2025-06-12 15:00:16,640 - INFO - Excel status updated: E:/blast/D'vine/D'vine Residence5_report.xlsx
2025-06-12 15:00:38,203 - ERROR - Failed to load chat or detect error for 60169328802: Message: 
Stacktrace:
	GetHandleVerifier [0x0x7ff7a27dfe75+79173]
	GetHandleVerifier [0x0x7ff7a27dfed0+79264]
	(No symbol) [0x0x7ff7a2599e5a]
	(No symbol) [0x0x7ff7a25f0586]
	(No symbol) [0x0x7ff7a25f083c]
	(No symbol) [0x0x7ff7a2644247]
	(No symbol) [0x0x7ff7a26189af]
	(No symbol) [0x0x7ff7a264100d]
	(No symbol) [0x0x7ff7a2618743]
	(No symbol) [0x0x7ff7a25e14c1]
	(No symbol) [0x0x7ff7a25e2253]
	GetHandleVerifier [0x0x7ff7a2aaa2ad+3004797]
	GetHandleVerifier [0x0x7ff7a2aa46fd+2981325]
	GetHandleVerifier [0x0x7ff7a2ac3350+3107360]
	GetHandleVerifier [0x0x7ff7a27fa9fe+188622]
	GetHandleVerifier [0x0x7ff7a280228f+219487]
	GetHandleVerifier [0x0x7ff7a27e8dc4+115860]
	GetHandleVerifier [0x0x7ff7a27e8f79+116297]
	GetHandleVerifier [0x0x7ff7a27cf528+11256]
	BaseThreadInitThunk [0x0x7ffc862f7374+20]
	RtlUserThreadStart [0x0x7ffc870bcc91+33]

2025-06-12 15:00:38,470 - INFO - Excel status updated: E:/blast/D'vine/D'vine Residence5_report.xlsx; Report generated: E:/blast/D'vine/D'vine Residence5_report.xlsx; Automation completed!
Report generated: E:/blast/D'vine/D'vine Residence5_report.xlsx
Total messages: 29
Successful: 1
Failed: 28
Success rate: 3.4%
Report saved as: E:/blast/D'vine/D'vine Residence5_report.xlsx
2025-06-12 15:09:38,998 - INFO - Checking login status...
2025-06-12 15:09:55,258 - INFO - Already logged in - starting in headless mode
2025-06-12 15:10:09,055 - INFO - Successfully initialized headless mode
2025-06-12 15:10:20,139 - WARNING - Invalid phone number for 60132075142. Skipping.
2025-06-12 15:10:20,426 - INFO - Excel status updated: E:/blast/D'vine/D'vine Residence5_report.xlsx
2025-06-12 15:18:10,525 - INFO - Message sent to 60133552911
2025-06-12 15:18:10,842 - INFO - Excel status updated: E:/blast/D'vine/D'vine Residence5_report.xlsx
2025-06-12 15:25:41,068 - INFO - Message sent to 60174426579
2025-06-12 15:25:41,430 - INFO - Excel status updated: E:/blast/D'vine/D'vine Residence5_report.xlsx
2025-06-12 15:26:04,151 - ERROR - Failed to load chat or detect error for 60195596147: Message: 
Stacktrace:
	GetHandleVerifier [0x0x7ff7a27dfe75+79173]
	GetHandleVerifier [0x0x7ff7a27dfed0+79264]
	(No symbol) [0x0x7ff7a2599e5a]
	(No symbol) [0x0x7ff7a25f0586]
	(No symbol) [0x0x7ff7a25f083c]
	(No symbol) [0x0x7ff7a2644247]
	(No symbol) [0x0x7ff7a26189af]
	(No symbol) [0x0x7ff7a264100d]
	(No symbol) [0x0x7ff7a2618743]
	(No symbol) [0x0x7ff7a25e14c1]
	(No symbol) [0x0x7ff7a25e2253]
	GetHandleVerifier [0x0x7ff7a2aaa2ad+3004797]
	GetHandleVerifier [0x0x7ff7a2aa46fd+2981325]
	GetHandleVerifier [0x0x7ff7a2ac3350+3107360]
	GetHandleVerifier [0x0x7ff7a27fa9fe+188622]
	GetHandleVerifier [0x0x7ff7a280228f+219487]
	GetHandleVerifier [0x0x7ff7a27e8dc4+115860]
	GetHandleVerifier [0x0x7ff7a27e8f79+116297]
	GetHandleVerifier [0x0x7ff7a27cf528+11256]
	BaseThreadInitThunk [0x0x7ffc862f7374+20]
	RtlUserThreadStart [0x0x7ffc870bcc91+33]

2025-06-12 15:26:04,270 - INFO - Excel status updated: E:/blast/D'vine/D'vine Residence5_report.xlsx
2025-06-12 15:32:48,873 - INFO - Message sent to 60174695863
2025-06-12 15:32:49,268 - INFO - Excel status updated: E:/blast/D'vine/D'vine Residence5_report.xlsx
2025-06-12 15:40:34,346 - INFO - Message sent to 60172444363
2025-06-12 15:40:34,734 - INFO - Excel status updated: E:/blast/D'vine/D'vine Residence5_report.xlsx
2025-06-12 15:47:04,214 - INFO - Message sent to 60122771697
2025-06-12 15:47:04,409 - INFO - Excel status updated: E:/blast/D'vine/D'vine Residence5_report.xlsx
2025-06-12 15:55:17,103 - INFO - Message sent to 60194083388
2025-06-12 15:55:17,459 - INFO - Excel status updated: E:/blast/D'vine/D'vine Residence5_report.xlsx
2025-06-12 15:55:41,958 - ERROR - Failed to load chat or detect error for 60196346564: Message: 
Stacktrace:
	GetHandleVerifier [0x0x7ff7a27dfe75+79173]
	GetHandleVerifier [0x0x7ff7a27dfed0+79264]
	(No symbol) [0x0x7ff7a2599e5a]
	(No symbol) [0x0x7ff7a25f0586]
	(No symbol) [0x0x7ff7a25f083c]
	(No symbol) [0x0x7ff7a2644247]
	(No symbol) [0x0x7ff7a26189af]
	(No symbol) [0x0x7ff7a264100d]
	(No symbol) [0x0x7ff7a2618743]
	(No symbol) [0x0x7ff7a25e14c1]
	(No symbol) [0x0x7ff7a25e2253]
	GetHandleVerifier [0x0x7ff7a2aaa2ad+3004797]
	GetHandleVerifier [0x0x7ff7a2aa46fd+2981325]
	GetHandleVerifier [0x0x7ff7a2ac3350+3107360]
	GetHandleVerifier [0x0x7ff7a27fa9fe+188622]
	GetHandleVerifier [0x0x7ff7a280228f+219487]
	GetHandleVerifier [0x0x7ff7a27e8dc4+115860]
	GetHandleVerifier [0x0x7ff7a27e8f79+116297]
	GetHandleVerifier [0x0x7ff7a27cf528+11256]
	BaseThreadInitThunk [0x0x7ffc862f7374+20]
	RtlUserThreadStart [0x0x7ffc870bcc91+33]

2025-06-12 15:55:42,094 - INFO - Excel status updated: E:/blast/D'vine/D'vine Residence5_report.xlsx
2025-06-12 16:01:45,866 - INFO - Message sent to 601136815122
2025-06-12 16:01:46,227 - INFO - Excel status updated: E:/blast/D'vine/D'vine Residence5_report.xlsx
2025-06-12 16:07:19,678 - INFO - Message sent to 60129071201
2025-06-12 16:07:20,108 - INFO - Excel status updated: E:/blast/D'vine/D'vine Residence5_report.xlsx
2025-06-12 16:13:58,492 - INFO - Message sent to 60174672001
2025-06-12 16:13:58,794 - INFO - Excel status updated: E:/blast/D'vine/D'vine Residence5_report.xlsx
2025-06-12 16:21:09,117 - INFO - Message sent to 60167178021
2025-06-12 16:21:09,491 - INFO - Excel status updated: E:/blast/D'vine/D'vine Residence5_report.xlsx
2025-06-12 16:27:09,650 - INFO - Message sent to 60123293846
2025-06-12 16:27:09,777 - INFO - Excel status updated: E:/blast/D'vine/D'vine Residence5_report.xlsx
2025-06-12 16:34:49,191 - INFO - Message sent to 60125205465
2025-06-12 16:34:49,502 - INFO - Excel status updated: E:/blast/D'vine/D'vine Residence5_report.xlsx
2025-06-12 16:40:58,186 - INFO - Message sent to 60132151998
2025-06-12 16:40:58,520 - INFO - Excel status updated: E:/blast/D'vine/D'vine Residence5_report.xlsx
2025-06-12 16:48:41,677 - INFO - Message sent to 60167560158
2025-06-12 16:48:41,988 - INFO - Excel status updated: E:/blast/D'vine/D'vine Residence5_report.xlsx
2025-06-12 16:54:42,968 - INFO - Message sent to 60162614374
2025-06-12 16:54:43,274 - INFO - Excel status updated: E:/blast/D'vine/D'vine Residence5_report.xlsx
2025-06-12 17:02:57,149 - INFO - Message sent to 60163969010
2025-06-12 17:02:57,448 - INFO - Excel status updated: E:/blast/D'vine/D'vine Residence5_report.xlsx
2025-06-12 17:03:13,716 - WARNING - Invalid phone number for 60149649269. Skipping.
2025-06-12 17:03:13,822 - INFO - Excel status updated: E:/blast/D'vine/D'vine Residence5_report.xlsx
2025-06-12 17:10:41,662 - INFO - Message sent to 60103616808
2025-06-12 17:10:41,951 - INFO - Excel status updated: E:/blast/D'vine/D'vine Residence5_report.xlsx
2025-06-12 17:17:12,310 - INFO - Message sent to 601116261569
2025-06-12 17:17:12,693 - INFO - Excel status updated: E:/blast/D'vine/D'vine Residence5_report.xlsx
2025-06-12 17:25:44,106 - INFO - Message sent to 60182993533
2025-06-12 17:25:44,474 - INFO - Excel status updated: E:/blast/D'vine/D'vine Residence5_report.xlsx
2025-06-12 17:31:59,760 - INFO - Message sent to 601133217287
2025-06-12 17:32:00,057 - INFO - Excel status updated: E:/blast/D'vine/D'vine Residence5_report.xlsx
2025-06-12 17:32:25,086 - ERROR - Failed to load chat or detect error for 60132663027: Message: 
Stacktrace:
	GetHandleVerifier [0x0x7ff7a27dfe75+79173]
	GetHandleVerifier [0x0x7ff7a27dfed0+79264]
	(No symbol) [0x0x7ff7a2599e5a]
	(No symbol) [0x0x7ff7a25f0586]
	(No symbol) [0x0x7ff7a25f083c]
	(No symbol) [0x0x7ff7a2644247]
	(No symbol) [0x0x7ff7a26189af]
	(No symbol) [0x0x7ff7a264100d]
	(No symbol) [0x0x7ff7a2618743]
	(No symbol) [0x0x7ff7a25e14c1]
	(No symbol) [0x0x7ff7a25e2253]
	GetHandleVerifier [0x0x7ff7a2aaa2ad+3004797]
	GetHandleVerifier [0x0x7ff7a2aa46fd+2981325]
	GetHandleVerifier [0x0x7ff7a2ac3350+3107360]
	GetHandleVerifier [0x0x7ff7a27fa9fe+188622]
	GetHandleVerifier [0x0x7ff7a280228f+219487]
	GetHandleVerifier [0x0x7ff7a27e8dc4+115860]
	GetHandleVerifier [0x0x7ff7a27e8f79+116297]
	GetHandleVerifier [0x0x7ff7a27cf528+11256]
	BaseThreadInitThunk [0x0x7ffc862f7374+20]
	RtlUserThreadStart [0x0x7ffc870bcc91+33]

2025-06-12 17:32:25,205 - INFO - Excel status updated: E:/blast/D'vine/D'vine Residence5_report.xlsx
2025-06-12 17:39:39,928 - INFO - Message sent to 60136444863
2025-06-12 17:39:40,259 - INFO - Excel status updated: E:/blast/D'vine/D'vine Residence5_report.xlsx
2025-06-12 17:47:27,500 - INFO - Message sent to 60122915261
2025-06-12 17:47:27,869 - INFO - Excel status updated: E:/blast/D'vine/D'vine Residence5_report.xlsx
2025-06-12 17:54:06,634 - INFO - Message sent to 60169328802
2025-06-12 17:54:07,196 - INFO - Excel status updated: E:/blast/D'vine/D'vine Residence5_report.xlsx; Report generated: E:/blast/D'vine/D'vine Residence5_report.xlsx; Automation completed!
Report generated: E:/blast/D'vine/D'vine Residence5_report.xlsx
Total messages: 29
Successful: 24
Failed: 5
Success rate: 82.8%
Report saved as: E:/blast/D'vine/D'vine Residence5_report.xlsx
2025-06-12 18:33:32,364 - INFO - Checking login status...
2025-06-12 18:33:50,444 - INFO - Already logged in - starting in headless mode
2025-06-12 18:34:04,895 - INFO - Successfully initialized headless mode
2025-06-12 18:34:16,285 - WARNING - Invalid phone number for 60132075142. Skipping.
2025-06-12 18:34:16,573 - INFO - Excel status updated: E:/blast/D'vine/D'vine Residence5_report.xlsx
2025-06-12 18:40:02,048 - INFO - Message sent to 60195596147
2025-06-12 18:40:02,411 - INFO - Excel status updated: E:/blast/D'vine/D'vine Residence5_report.xlsx
2025-06-12 18:47:26,117 - INFO - Message sent to 60196346564
2025-06-12 18:47:26,488 - INFO - Excel status updated: E:/blast/D'vine/D'vine Residence5_report.xlsx
2025-06-12 18:47:44,805 - WARNING - Invalid phone number for 60149649269. Skipping.
2025-06-12 18:47:44,933 - INFO - Excel status updated: E:/blast/D'vine/D'vine Residence5_report.xlsx
2025-06-12 18:54:15,658 - INFO - Message sent to 60132663027
2025-06-12 18:54:16,307 - INFO - Excel status updated: E:/blast/D'vine/D'vine Residence5_report.xlsx; Report generated: E:/blast/D'vine/D'vine Residence5_report.xlsx; Automation completed!
Report generated: E:/blast/D'vine/D'vine Residence5_report.xlsx
Total messages: 29
Successful: 27
Failed: 2
Success rate: 93.1%
Report saved as: E:/blast/D'vine/D'vine Residence5_report.xlsx
2025-06-13 12:00:27,626 - INFO - Checking login status...
2025-06-13 12:00:56,917 - INFO - Already logged in - starting in headless mode
2025-06-13 12:01:15,380 - INFO - Successfully initialized headless mode
2025-06-13 12:01:33,010 - ERROR - Failed to load chat or detect error for 60122520112: Message: 
Stacktrace:
	GetHandleVerifier [0x0x7ff6ed18fe75+79173]
	GetHandleVerifier [0x0x7ff6ed18fed0+79264]
	(No symbol) [0x0x7ff6ecf49e5a]
	(No symbol) [0x0x7ff6ecfa0586]
	(No symbol) [0x0x7ff6ecfa083c]
	(No symbol) [0x0x7ff6ecff4247]
	(No symbol) [0x0x7ff6ecfc89af]
	(No symbol) [0x0x7ff6ecff100d]
	(No symbol) [0x0x7ff6ecfc8743]
	(No symbol) [0x0x7ff6ecf914c1]
	(No symbol) [0x0x7ff6ecf92253]
	GetHandleVerifier [0x0x7ff6ed45a2ad+3004797]
	GetHandleVerifier [0x0x7ff6ed4546fd+2981325]
	GetHandleVerifier [0x0x7ff6ed473350+3107360]
	GetHandleVerifier [0x0x7ff6ed1aa9fe+188622]
	GetHandleVerifier [0x0x7ff6ed1b228f+219487]
	GetHandleVerifier [0x0x7ff6ed198dc4+115860]
	GetHandleVerifier [0x0x7ff6ed198f79+116297]
	GetHandleVerifier [0x0x7ff6ed17f528+11256]
	BaseThreadInitThunk [0x0x7ffc862f7374+20]
	RtlUserThreadStart [0x0x7ffc870bcc91+33]

2025-06-13 12:01:33,209 - INFO - Excel status updated: E:/blast/D'vine/D'vine Residence50_report.xlsx
2025-06-13 12:01:59,744 - ERROR - Failed to load chat or detect error for 60179785699: Message: 
Stacktrace:
	GetHandleVerifier [0x0x7ff6ed18fe75+79173]
	GetHandleVerifier [0x0x7ff6ed18fed0+79264]
	(No symbol) [0x0x7ff6ecf49e5a]
	(No symbol) [0x0x7ff6ecfa0586]
	(No symbol) [0x0x7ff6ecfa083c]
	(No symbol) [0x0x7ff6ecff4247]
	(No symbol) [0x0x7ff6ecfc89af]
	(No symbol) [0x0x7ff6ecff100d]
	(No symbol) [0x0x7ff6ecfc8743]
	(No symbol) [0x0x7ff6ecf914c1]
	(No symbol) [0x0x7ff6ecf92253]
	GetHandleVerifier [0x0x7ff6ed45a2ad+3004797]
	GetHandleVerifier [0x0x7ff6ed4546fd+2981325]
	GetHandleVerifier [0x0x7ff6ed473350+3107360]
	GetHandleVerifier [0x0x7ff6ed1aa9fe+188622]
	GetHandleVerifier [0x0x7ff6ed1b228f+219487]
	GetHandleVerifier [0x0x7ff6ed198dc4+115860]
	GetHandleVerifier [0x0x7ff6ed198f79+116297]
	GetHandleVerifier [0x0x7ff6ed17f528+11256]
	BaseThreadInitThunk [0x0x7ffc862f7374+20]
	RtlUserThreadStart [0x0x7ffc870bcc91+33]

2025-06-13 12:01:59,855 - INFO - Excel status updated: E:/blast/D'vine/D'vine Residence50_report.xlsx
2025-06-13 12:02:23,612 - ERROR - Failed to load chat or detect error for 60126693228: Message: 
Stacktrace:
	GetHandleVerifier [0x0x7ff6ed18fe75+79173]
	GetHandleVerifier [0x0x7ff6ed18fed0+79264]
	(No symbol) [0x0x7ff6ecf49e5a]
	(No symbol) [0x0x7ff6ecfa0586]
	(No symbol) [0x0x7ff6ecfa083c]
	(No symbol) [0x0x7ff6ecff4247]
	(No symbol) [0x0x7ff6ecfc89af]
	(No symbol) [0x0x7ff6ecff100d]
	(No symbol) [0x0x7ff6ecfc8743]
	(No symbol) [0x0x7ff6ecf914c1]
	(No symbol) [0x0x7ff6ecf92253]
	GetHandleVerifier [0x0x7ff6ed45a2ad+3004797]
	GetHandleVerifier [0x0x7ff6ed4546fd+2981325]
	GetHandleVerifier [0x0x7ff6ed473350+3107360]
	GetHandleVerifier [0x0x7ff6ed1aa9fe+188622]
	GetHandleVerifier [0x0x7ff6ed1b228f+219487]
	GetHandleVerifier [0x0x7ff6ed198dc4+115860]
	GetHandleVerifier [0x0x7ff6ed198f79+116297]
	GetHandleVerifier [0x0x7ff6ed17f528+11256]
	BaseThreadInitThunk [0x0x7ffc862f7374+20]
	RtlUserThreadStart [0x0x7ffc870bcc91+33]

2025-06-13 12:02:23,696 - INFO - Excel status updated: E:/blast/D'vine/D'vine Residence50_report.xlsx
2025-06-13 12:02:46,789 - ERROR - Failed to load chat or detect error for 60177275132: Message: 
Stacktrace:
	GetHandleVerifier [0x0x7ff6ed18fe75+79173]
	GetHandleVerifier [0x0x7ff6ed18fed0+79264]
	(No symbol) [0x0x7ff6ecf49e5a]
	(No symbol) [0x0x7ff6ecfa0586]
	(No symbol) [0x0x7ff6ecfa083c]
	(No symbol) [0x0x7ff6ecff4247]
	(No symbol) [0x0x7ff6ecfc89af]
	(No symbol) [0x0x7ff6ecff100d]
	(No symbol) [0x0x7ff6ecfc8743]
	(No symbol) [0x0x7ff6ecf914c1]
	(No symbol) [0x0x7ff6ecf92253]
	GetHandleVerifier [0x0x7ff6ed45a2ad+3004797]
	GetHandleVerifier [0x0x7ff6ed4546fd+2981325]
	GetHandleVerifier [0x0x7ff6ed473350+3107360]
	GetHandleVerifier [0x0x7ff6ed1aa9fe+188622]
	GetHandleVerifier [0x0x7ff6ed1b228f+219487]
	GetHandleVerifier [0x0x7ff6ed198dc4+115860]
	GetHandleVerifier [0x0x7ff6ed198f79+116297]
	GetHandleVerifier [0x0x7ff6ed17f528+11256]
	BaseThreadInitThunk [0x0x7ffc862f7374+20]
	RtlUserThreadStart [0x0x7ffc870bcc91+33]

2025-06-13 12:02:46,880 - INFO - Excel status updated: E:/blast/D'vine/D'vine Residence50_report.xlsx
2025-06-13 12:03:08,609 - ERROR - Failed to load chat or detect error for 60149457815: Message: 
Stacktrace:
	GetHandleVerifier [0x0x7ff6ed18fe75+79173]
	GetHandleVerifier [0x0x7ff6ed18fed0+79264]
	(No symbol) [0x0x7ff6ecf49e5a]
	(No symbol) [0x0x7ff6ecfa0586]
	(No symbol) [0x0x7ff6ecfa083c]
	(No symbol) [0x0x7ff6ecff4247]
	(No symbol) [0x0x7ff6ecfc89af]
	(No symbol) [0x0x7ff6ecff100d]
	(No symbol) [0x0x7ff6ecfc8743]
	(No symbol) [0x0x7ff6ecf914c1]
	(No symbol) [0x0x7ff6ecf92253]
	GetHandleVerifier [0x0x7ff6ed45a2ad+3004797]
	GetHandleVerifier [0x0x7ff6ed4546fd+2981325]
	GetHandleVerifier [0x0x7ff6ed473350+3107360]
	GetHandleVerifier [0x0x7ff6ed1aa9fe+188622]
	GetHandleVerifier [0x0x7ff6ed1b228f+219487]
	GetHandleVerifier [0x0x7ff6ed198dc4+115860]
	GetHandleVerifier [0x0x7ff6ed198f79+116297]
	GetHandleVerifier [0x0x7ff6ed17f528+11256]
	BaseThreadInitThunk [0x0x7ffc862f7374+20]
	RtlUserThreadStart [0x0x7ffc870bcc91+33]

2025-06-13 12:03:08,686 - INFO - Excel status updated: E:/blast/D'vine/D'vine Residence50_report.xlsx
2025-06-13 12:03:31,450 - ERROR - Failed to load chat or detect error for 60192602131: Message: 
Stacktrace:
	GetHandleVerifier [0x0x7ff6ed18fe75+79173]
	GetHandleVerifier [0x0x7ff6ed18fed0+79264]
	(No symbol) [0x0x7ff6ecf49e5a]
	(No symbol) [0x0x7ff6ecfa0586]
	(No symbol) [0x0x7ff6ecfa083c]
	(No symbol) [0x0x7ff6ecff4247]
	(No symbol) [0x0x7ff6ecfc89af]
	(No symbol) [0x0x7ff6ecff100d]
	(No symbol) [0x0x7ff6ecfc8743]
	(No symbol) [0x0x7ff6ecf914c1]
	(No symbol) [0x0x7ff6ecf92253]
	GetHandleVerifier [0x0x7ff6ed45a2ad+3004797]
	GetHandleVerifier [0x0x7ff6ed4546fd+2981325]
	GetHandleVerifier [0x0x7ff6ed473350+3107360]
	GetHandleVerifier [0x0x7ff6ed1aa9fe+188622]
	GetHandleVerifier [0x0x7ff6ed1b228f+219487]
	GetHandleVerifier [0x0x7ff6ed198dc4+115860]
	GetHandleVerifier [0x0x7ff6ed198f79+116297]
	GetHandleVerifier [0x0x7ff6ed17f528+11256]
	BaseThreadInitThunk [0x0x7ffc862f7374+20]
	RtlUserThreadStart [0x0x7ffc870bcc91+33]

2025-06-13 12:03:32,542 - ERROR - Error in process_numbers: main thread is not in main loop
2025-06-13 12:03:34,667 - ERROR - Error in automation: main thread is not in main loop
2025-06-13 12:04:25,766 - INFO - Checking login status...
2025-06-13 12:04:42,474 - INFO - Already logged in - starting in headless mode
2025-06-13 12:04:56,230 - INFO - Successfully initialized headless mode
2025-06-13 12:12:56,751 - INFO - Message sent to 60122520112
2025-06-13 12:12:56,843 - INFO - Excel status updated: E:/blast/D'vine/D'vine Residence50_report.xlsx
2025-06-13 12:13:18,672 - ERROR - Failed to load chat or detect error for 60179785699: Message: 
Stacktrace:
	GetHandleVerifier [0x0x7ff6ed18fe75+79173]
	GetHandleVerifier [0x0x7ff6ed18fed0+79264]
	(No symbol) [0x0x7ff6ecf49e5a]
	(No symbol) [0x0x7ff6ecfa0586]
	(No symbol) [0x0x7ff6ecfa083c]
	(No symbol) [0x0x7ff6ecff4247]
	(No symbol) [0x0x7ff6ecfc89af]
	(No symbol) [0x0x7ff6ecff100d]
	(No symbol) [0x0x7ff6ecfc8743]
	(No symbol) [0x0x7ff6ecf914c1]
	(No symbol) [0x0x7ff6ecf92253]
	GetHandleVerifier [0x0x7ff6ed45a2ad+3004797]
	GetHandleVerifier [0x0x7ff6ed4546fd+2981325]
	GetHandleVerifier [0x0x7ff6ed473350+3107360]
	GetHandleVerifier [0x0x7ff6ed1aa9fe+188622]
	GetHandleVerifier [0x0x7ff6ed1b228f+219487]
	GetHandleVerifier [0x0x7ff6ed198dc4+115860]
	GetHandleVerifier [0x0x7ff6ed198f79+116297]
	GetHandleVerifier [0x0x7ff6ed17f528+11256]
	BaseThreadInitThunk [0x0x7ffc862f7374+20]
	RtlUserThreadStart [0x0x7ffc870bcc91+33]

2025-06-13 12:13:18,775 - INFO - Excel status updated: E:/blast/D'vine/D'vine Residence50_report.xlsx
2025-06-13 12:20:51,672 - INFO - Message sent to 60126693228
2025-06-13 12:20:51,805 - INFO - Excel status updated: E:/blast/D'vine/D'vine Residence50_report.xlsx
2025-06-13 12:26:55,785 - INFO - Message sent to 60177275132
2025-06-13 12:26:55,971 - INFO - Excel status updated: E:/blast/D'vine/D'vine Residence50_report.xlsx
2025-06-13 12:33:30,690 - INFO - Message sent to 60149457815
2025-06-13 12:33:30,878 - INFO - Excel status updated: E:/blast/D'vine/D'vine Residence50_report.xlsx
2025-06-13 12:38:53,441 - INFO - Message sent to 60192602131
2025-06-13 12:38:53,609 - INFO - Excel status updated: E:/blast/D'vine/D'vine Residence50_report.xlsx
2025-06-13 12:39:16,961 - ERROR - Failed to load chat or detect error for 60172130034: Message: 
Stacktrace:
	GetHandleVerifier [0x0x7ff6ed18fe75+79173]
	GetHandleVerifier [0x0x7ff6ed18fed0+79264]
	(No symbol) [0x0x7ff6ecf49e5a]
	(No symbol) [0x0x7ff6ecfa0586]
	(No symbol) [0x0x7ff6ecfa083c]
	(No symbol) [0x0x7ff6ecff4247]
	(No symbol) [0x0x7ff6ecfc89af]
	(No symbol) [0x0x7ff6ecff100d]
	(No symbol) [0x0x7ff6ecfc8743]
	(No symbol) [0x0x7ff6ecf914c1]
	(No symbol) [0x0x7ff6ecf92253]
	GetHandleVerifier [0x0x7ff6ed45a2ad+3004797]
	GetHandleVerifier [0x0x7ff6ed4546fd+2981325]
	GetHandleVerifier [0x0x7ff6ed473350+3107360]
	GetHandleVerifier [0x0x7ff6ed1aa9fe+188622]
	GetHandleVerifier [0x0x7ff6ed1b228f+219487]
	GetHandleVerifier [0x0x7ff6ed198dc4+115860]
	GetHandleVerifier [0x0x7ff6ed198f79+116297]
	GetHandleVerifier [0x0x7ff6ed17f528+11256]
	BaseThreadInitThunk [0x0x7ffc862f7374+20]
	RtlUserThreadStart [0x0x7ffc870bcc91+33]

2025-06-13 12:39:17,067 - INFO - Excel status updated: E:/blast/D'vine/D'vine Residence50_report.xlsx
2025-06-13 12:45:21,749 - INFO - Message sent to 60172541779
2025-06-13 12:45:22,095 - INFO - Excel status updated: E:/blast/D'vine/D'vine Residence50_report.xlsx
2025-06-13 12:51:03,540 - INFO - Message sent to 60139736107
2025-06-13 12:51:03,671 - INFO - Excel status updated: E:/blast/D'vine/D'vine Residence50_report.xlsx
2025-06-13 12:56:39,345 - INFO - Message sent to 60123794998
2025-06-13 12:56:39,485 - INFO - Excel status updated: E:/blast/D'vine/D'vine Residence50_report.xlsx
2025-06-13 12:57:01,863 - ERROR - Failed to load chat or detect error for 60166205205: Message: 
Stacktrace:
	GetHandleVerifier [0x0x7ff6ed18fe75+79173]
	GetHandleVerifier [0x0x7ff6ed18fed0+79264]
	(No symbol) [0x0x7ff6ecf49e5a]
	(No symbol) [0x0x7ff6ecfa0586]
	(No symbol) [0x0x7ff6ecfa083c]
	(No symbol) [0x0x7ff6ecff4247]
	(No symbol) [0x0x7ff6ecfc89af]
	(No symbol) [0x0x7ff6ecff100d]
	(No symbol) [0x0x7ff6ecfc8743]
	(No symbol) [0x0x7ff6ecf914c1]
	(No symbol) [0x0x7ff6ecf92253]
	GetHandleVerifier [0x0x7ff6ed45a2ad+3004797]
	GetHandleVerifier [0x0x7ff6ed4546fd+2981325]
	GetHandleVerifier [0x0x7ff6ed473350+3107360]
	GetHandleVerifier [0x0x7ff6ed1aa9fe+188622]
	GetHandleVerifier [0x0x7ff6ed1b228f+219487]
	GetHandleVerifier [0x0x7ff6ed198dc4+115860]
	GetHandleVerifier [0x0x7ff6ed198f79+116297]
	GetHandleVerifier [0x0x7ff6ed17f528+11256]
	BaseThreadInitThunk [0x0x7ffc862f7374+20]
	RtlUserThreadStart [0x0x7ffc870bcc91+33]

2025-06-13 12:57:02,000 - INFO - Excel status updated: E:/blast/D'vine/D'vine Residence50_report.xlsx
2025-06-13 12:57:24,136 - ERROR - Failed to load chat or detect error for 60189049452: Message: 
Stacktrace:
	GetHandleVerifier [0x0x7ff6ed18fe75+79173]
	GetHandleVerifier [0x0x7ff6ed18fed0+79264]
	(No symbol) [0x0x7ff6ecf49e5a]
	(No symbol) [0x0x7ff6ecfa0586]
	(No symbol) [0x0x7ff6ecfa083c]
	(No symbol) [0x0x7ff6ecff4247]
	(No symbol) [0x0x7ff6ecfc89af]
	(No symbol) [0x0x7ff6ecff100d]
	(No symbol) [0x0x7ff6ecfc8743]
	(No symbol) [0x0x7ff6ecf914c1]
	(No symbol) [0x0x7ff6ecf92253]
	GetHandleVerifier [0x0x7ff6ed45a2ad+3004797]
	GetHandleVerifier [0x0x7ff6ed4546fd+2981325]
	GetHandleVerifier [0x0x7ff6ed473350+3107360]
	GetHandleVerifier [0x0x7ff6ed1aa9fe+188622]
	GetHandleVerifier [0x0x7ff6ed1b228f+219487]
	GetHandleVerifier [0x0x7ff6ed198dc4+115860]
	GetHandleVerifier [0x0x7ff6ed198f79+116297]
	GetHandleVerifier [0x0x7ff6ed17f528+11256]
	BaseThreadInitThunk [0x0x7ffc862f7374+20]
	RtlUserThreadStart [0x0x7ffc870bcc91+33]

2025-06-13 12:57:24,273 - INFO - Excel status updated: E:/blast/D'vine/D'vine Residence50_report.xlsx
2025-06-13 12:57:46,658 - ERROR - Failed to load chat or detect error for 60128800761: Message: 
Stacktrace:
	GetHandleVerifier [0x0x7ff6ed18fe75+79173]
	GetHandleVerifier [0x0x7ff6ed18fed0+79264]
	(No symbol) [0x0x7ff6ecf49e5a]
	(No symbol) [0x0x7ff6ecfa0586]
	(No symbol) [0x0x7ff6ecfa083c]
	(No symbol) [0x0x7ff6ecff4247]
	(No symbol) [0x0x7ff6ecfc89af]
	(No symbol) [0x0x7ff6ecff100d]
	(No symbol) [0x0x7ff6ecfc8743]
	(No symbol) [0x0x7ff6ecf914c1]
	(No symbol) [0x0x7ff6ecf92253]
	GetHandleVerifier [0x0x7ff6ed45a2ad+3004797]
	GetHandleVerifier [0x0x7ff6ed4546fd+2981325]
	GetHandleVerifier [0x0x7ff6ed473350+3107360]
	GetHandleVerifier [0x0x7ff6ed1aa9fe+188622]
	GetHandleVerifier [0x0x7ff6ed1b228f+219487]
	GetHandleVerifier [0x0x7ff6ed198dc4+115860]
	GetHandleVerifier [0x0x7ff6ed198f79+116297]
	GetHandleVerifier [0x0x7ff6ed17f528+11256]
	BaseThreadInitThunk [0x0x7ffc862f7374+20]
	RtlUserThreadStart [0x0x7ffc870bcc91+33]

2025-06-13 12:57:46,792 - INFO - Excel status updated: E:/blast/D'vine/D'vine Residence50_report.xlsx
2025-06-13 12:58:09,102 - ERROR - Failed to load chat or detect error for 60123752489: Message: 
Stacktrace:
	GetHandleVerifier [0x0x7ff6ed18fe75+79173]
	GetHandleVerifier [0x0x7ff6ed18fed0+79264]
	(No symbol) [0x0x7ff6ecf49e5a]
	(No symbol) [0x0x7ff6ecfa0586]
	(No symbol) [0x0x7ff6ecfa083c]
	(No symbol) [0x0x7ff6ecff4247]
	(No symbol) [0x0x7ff6ecfc89af]
	(No symbol) [0x0x7ff6ecff100d]
	(No symbol) [0x0x7ff6ecfc8743]
	(No symbol) [0x0x7ff6ecf914c1]
	(No symbol) [0x0x7ff6ecf92253]
	GetHandleVerifier [0x0x7ff6ed45a2ad+3004797]
	GetHandleVerifier [0x0x7ff6ed4546fd+2981325]
	GetHandleVerifier [0x0x7ff6ed473350+3107360]
	GetHandleVerifier [0x0x7ff6ed1aa9fe+188622]
	GetHandleVerifier [0x0x7ff6ed1b228f+219487]
	GetHandleVerifier [0x0x7ff6ed198dc4+115860]
	GetHandleVerifier [0x0x7ff6ed198f79+116297]
	GetHandleVerifier [0x0x7ff6ed17f528+11256]
	BaseThreadInitThunk [0x0x7ffc862f7374+20]
	RtlUserThreadStart [0x0x7ffc870bcc91+33]

2025-06-13 12:58:09,225 - INFO - Excel status updated: E:/blast/D'vine/D'vine Residence50_report.xlsx
2025-06-13 12:58:31,369 - ERROR - Failed to load chat or detect error for 60169530443: Message: 
Stacktrace:
	GetHandleVerifier [0x0x7ff6ed18fe75+79173]
	GetHandleVerifier [0x0x7ff6ed18fed0+79264]
	(No symbol) [0x0x7ff6ecf49e5a]
	(No symbol) [0x0x7ff6ecfa0586]
	(No symbol) [0x0x7ff6ecfa083c]
	(No symbol) [0x0x7ff6ecff4247]
	(No symbol) [0x0x7ff6ecfc89af]
	(No symbol) [0x0x7ff6ecff100d]
	(No symbol) [0x0x7ff6ecfc8743]
	(No symbol) [0x0x7ff6ecf914c1]
	(No symbol) [0x0x7ff6ecf92253]
	GetHandleVerifier [0x0x7ff6ed45a2ad+3004797]
	GetHandleVerifier [0x0x7ff6ed4546fd+2981325]
	GetHandleVerifier [0x0x7ff6ed473350+3107360]
	GetHandleVerifier [0x0x7ff6ed1aa9fe+188622]
	GetHandleVerifier [0x0x7ff6ed1b228f+219487]
	GetHandleVerifier [0x0x7ff6ed198dc4+115860]
	GetHandleVerifier [0x0x7ff6ed198f79+116297]
	GetHandleVerifier [0x0x7ff6ed17f528+11256]
	BaseThreadInitThunk [0x0x7ffc862f7374+20]
	RtlUserThreadStart [0x0x7ffc870bcc91+33]

2025-06-13 12:58:31,492 - INFO - Excel status updated: E:/blast/D'vine/D'vine Residence50_report.xlsx
2025-06-13 12:58:54,334 - ERROR - Failed to load chat or detect error for 60126136353: Message: 
Stacktrace:
	GetHandleVerifier [0x0x7ff6ed18fe75+79173]
	GetHandleVerifier [0x0x7ff6ed18fed0+79264]
	(No symbol) [0x0x7ff6ecf49e5a]
	(No symbol) [0x0x7ff6ecfa0586]
	(No symbol) [0x0x7ff6ecfa083c]
	(No symbol) [0x0x7ff6ecff4247]
	(No symbol) [0x0x7ff6ecfc89af]
	(No symbol) [0x0x7ff6ecff100d]
	(No symbol) [0x0x7ff6ecfc8743]
	(No symbol) [0x0x7ff6ecf914c1]
	(No symbol) [0x0x7ff6ecf92253]
	GetHandleVerifier [0x0x7ff6ed45a2ad+3004797]
	GetHandleVerifier [0x0x7ff6ed4546fd+2981325]
	GetHandleVerifier [0x0x7ff6ed473350+3107360]
	GetHandleVerifier [0x0x7ff6ed1aa9fe+188622]
	GetHandleVerifier [0x0x7ff6ed1b228f+219487]
	GetHandleVerifier [0x0x7ff6ed198dc4+115860]
	GetHandleVerifier [0x0x7ff6ed198f79+116297]
	GetHandleVerifier [0x0x7ff6ed17f528+11256]
	BaseThreadInitThunk [0x0x7ffc862f7374+20]
	RtlUserThreadStart [0x0x7ffc870bcc91+33]

2025-06-13 12:58:54,461 - INFO - Excel status updated: E:/blast/D'vine/D'vine Residence50_report.xlsx
2025-06-13 12:59:17,332 - ERROR - Failed to load chat or detect error for 60123295885: Message: 
Stacktrace:
	GetHandleVerifier [0x0x7ff6ed18fe75+79173]
	GetHandleVerifier [0x0x7ff6ed18fed0+79264]
	(No symbol) [0x0x7ff6ecf49e5a]
	(No symbol) [0x0x7ff6ecfa0586]
	(No symbol) [0x0x7ff6ecfa083c]
	(No symbol) [0x0x7ff6ecff4247]
	(No symbol) [0x0x7ff6ecfc89af]
	(No symbol) [0x0x7ff6ecff100d]
	(No symbol) [0x0x7ff6ecfc8743]
	(No symbol) [0x0x7ff6ecf914c1]
	(No symbol) [0x0x7ff6ecf92253]
	GetHandleVerifier [0x0x7ff6ed45a2ad+3004797]
	GetHandleVerifier [0x0x7ff6ed4546fd+2981325]
	GetHandleVerifier [0x0x7ff6ed473350+3107360]
	GetHandleVerifier [0x0x7ff6ed1aa9fe+188622]
	GetHandleVerifier [0x0x7ff6ed1b228f+219487]
	GetHandleVerifier [0x0x7ff6ed198dc4+115860]
	GetHandleVerifier [0x0x7ff6ed198f79+116297]
	GetHandleVerifier [0x0x7ff6ed17f528+11256]
	BaseThreadInitThunk [0x0x7ffc862f7374+20]
	RtlUserThreadStart [0x0x7ffc870bcc91+33]

2025-06-13 12:59:17,462 - INFO - Excel status updated: E:/blast/D'vine/D'vine Residence50_report.xlsx
2025-06-13 12:59:40,210 - ERROR - Failed to load chat or detect error for 60192365766: Message: 
Stacktrace:
	GetHandleVerifier [0x0x7ff6ed18fe75+79173]
	GetHandleVerifier [0x0x7ff6ed18fed0+79264]
	(No symbol) [0x0x7ff6ecf49e5a]
	(No symbol) [0x0x7ff6ecfa0586]
	(No symbol) [0x0x7ff6ecfa083c]
	(No symbol) [0x0x7ff6ecff4247]
	(No symbol) [0x0x7ff6ecfc89af]
	(No symbol) [0x0x7ff6ecff100d]
	(No symbol) [0x0x7ff6ecfc8743]
	(No symbol) [0x0x7ff6ecf914c1]
	(No symbol) [0x0x7ff6ecf92253]
	GetHandleVerifier [0x0x7ff6ed45a2ad+3004797]
	GetHandleVerifier [0x0x7ff6ed4546fd+2981325]
	GetHandleVerifier [0x0x7ff6ed473350+3107360]
	GetHandleVerifier [0x0x7ff6ed1aa9fe+188622]
	GetHandleVerifier [0x0x7ff6ed1b228f+219487]
	GetHandleVerifier [0x0x7ff6ed198dc4+115860]
	GetHandleVerifier [0x0x7ff6ed198f79+116297]
	GetHandleVerifier [0x0x7ff6ed17f528+11256]
	BaseThreadInitThunk [0x0x7ffc862f7374+20]
	RtlUserThreadStart [0x0x7ffc870bcc91+33]

2025-06-13 12:59:40,433 - INFO - Excel status updated: E:/blast/D'vine/D'vine Residence50_report.xlsx
2025-06-13 13:00:07,517 - ERROR - Failed to load chat or detect error for 60194714017: Message: 
Stacktrace:
	GetHandleVerifier [0x0x7ff6ed18fe75+79173]
	GetHandleVerifier [0x0x7ff6ed18fed0+79264]
	(No symbol) [0x0x7ff6ecf49e5a]
	(No symbol) [0x0x7ff6ecfa0586]
	(No symbol) [0x0x7ff6ecfa083c]
	(No symbol) [0x0x7ff6ecff4247]
	(No symbol) [0x0x7ff6ecfc89af]
	(No symbol) [0x0x7ff6ecff100d]
	(No symbol) [0x0x7ff6ecfc8743]
	(No symbol) [0x0x7ff6ecf914c1]
	(No symbol) [0x0x7ff6ecf92253]
	GetHandleVerifier [0x0x7ff6ed45a2ad+3004797]
	GetHandleVerifier [0x0x7ff6ed4546fd+2981325]
	GetHandleVerifier [0x0x7ff6ed473350+3107360]
	GetHandleVerifier [0x0x7ff6ed1aa9fe+188622]
	GetHandleVerifier [0x0x7ff6ed1b228f+219487]
	GetHandleVerifier [0x0x7ff6ed198dc4+115860]
	GetHandleVerifier [0x0x7ff6ed198f79+116297]
	GetHandleVerifier [0x0x7ff6ed17f528+11256]
	BaseThreadInitThunk [0x0x7ffc862f7374+20]
	RtlUserThreadStart [0x0x7ffc870bcc91+33]

2025-06-13 13:00:07,661 - INFO - Excel status updated: E:/blast/D'vine/D'vine Residence50_report.xlsx
2025-06-13 13:00:29,808 - ERROR - Failed to load chat or detect error for 60166691669: Message: 
Stacktrace:
	GetHandleVerifier [0x0x7ff6ed18fe75+79173]
	GetHandleVerifier [0x0x7ff6ed18fed0+79264]
	(No symbol) [0x0x7ff6ecf49e5a]
	(No symbol) [0x0x7ff6ecfa0586]
	(No symbol) [0x0x7ff6ecfa083c]
	(No symbol) [0x0x7ff6ecff4247]
	(No symbol) [0x0x7ff6ecfc89af]
	(No symbol) [0x0x7ff6ecff100d]
	(No symbol) [0x0x7ff6ecfc8743]
	(No symbol) [0x0x7ff6ecf914c1]
	(No symbol) [0x0x7ff6ecf92253]
	GetHandleVerifier [0x0x7ff6ed45a2ad+3004797]
	GetHandleVerifier [0x0x7ff6ed4546fd+2981325]
	GetHandleVerifier [0x0x7ff6ed473350+3107360]
	GetHandleVerifier [0x0x7ff6ed1aa9fe+188622]
	GetHandleVerifier [0x0x7ff6ed1b228f+219487]
	GetHandleVerifier [0x0x7ff6ed198dc4+115860]
	GetHandleVerifier [0x0x7ff6ed198f79+116297]
	GetHandleVerifier [0x0x7ff6ed17f528+11256]
	BaseThreadInitThunk [0x0x7ffc862f7374+20]
	RtlUserThreadStart [0x0x7ffc870bcc91+33]

2025-06-13 13:00:29,939 - INFO - Excel status updated: E:/blast/D'vine/D'vine Residence50_report.xlsx
2025-06-13 13:00:52,670 - ERROR - Failed to load chat or detect error for 60125149332: Message: 
Stacktrace:
	GetHandleVerifier [0x0x7ff6ed18fe75+79173]
	GetHandleVerifier [0x0x7ff6ed18fed0+79264]
	(No symbol) [0x0x7ff6ecf49e5a]
	(No symbol) [0x0x7ff6ecfa0586]
	(No symbol) [0x0x7ff6ecfa083c]
	(No symbol) [0x0x7ff6ecff4247]
	(No symbol) [0x0x7ff6ecfc89af]
	(No symbol) [0x0x7ff6ecff100d]
	(No symbol) [0x0x7ff6ecfc8743]
	(No symbol) [0x0x7ff6ecf914c1]
	(No symbol) [0x0x7ff6ecf92253]
	GetHandleVerifier [0x0x7ff6ed45a2ad+3004797]
	GetHandleVerifier [0x0x7ff6ed4546fd+2981325]
	GetHandleVerifier [0x0x7ff6ed473350+3107360]
	GetHandleVerifier [0x0x7ff6ed1aa9fe+188622]
	GetHandleVerifier [0x0x7ff6ed1b228f+219487]
	GetHandleVerifier [0x0x7ff6ed198dc4+115860]
	GetHandleVerifier [0x0x7ff6ed198f79+116297]
	GetHandleVerifier [0x0x7ff6ed17f528+11256]
	BaseThreadInitThunk [0x0x7ffc862f7374+20]
	RtlUserThreadStart [0x0x7ffc870bcc91+33]

2025-06-13 13:00:52,797 - INFO - Excel status updated: E:/blast/D'vine/D'vine Residence50_report.xlsx
2025-06-13 13:01:15,717 - ERROR - Failed to load chat or detect error for 60193224422: Message: 
Stacktrace:
	GetHandleVerifier [0x0x7ff6ed18fe75+79173]
	GetHandleVerifier [0x0x7ff6ed18fed0+79264]
	(No symbol) [0x0x7ff6ecf49e5a]
	(No symbol) [0x0x7ff6ecfa0586]
	(No symbol) [0x0x7ff6ecfa083c]
	(No symbol) [0x0x7ff6ecff4247]
	(No symbol) [0x0x7ff6ecfc89af]
	(No symbol) [0x0x7ff6ecff100d]
	(No symbol) [0x0x7ff6ecfc8743]
	(No symbol) [0x0x7ff6ecf914c1]
	(No symbol) [0x0x7ff6ecf92253]
	GetHandleVerifier [0x0x7ff6ed45a2ad+3004797]
	GetHandleVerifier [0x0x7ff6ed4546fd+2981325]
	GetHandleVerifier [0x0x7ff6ed473350+3107360]
	GetHandleVerifier [0x0x7ff6ed1aa9fe+188622]
	GetHandleVerifier [0x0x7ff6ed1b228f+219487]
	GetHandleVerifier [0x0x7ff6ed198dc4+115860]
	GetHandleVerifier [0x0x7ff6ed198f79+116297]
	GetHandleVerifier [0x0x7ff6ed17f528+11256]
	BaseThreadInitThunk [0x0x7ffc862f7374+20]
	RtlUserThreadStart [0x0x7ffc870bcc91+33]

2025-06-13 13:01:15,847 - INFO - Excel status updated: E:/blast/D'vine/D'vine Residence50_report.xlsx
2025-06-13 13:01:31,918 - WARNING - Invalid phone number for 60162386509. Skipping.
2025-06-13 13:01:32,056 - INFO - Excel status updated: E:/blast/D'vine/D'vine Residence50_report.xlsx
2025-06-13 13:01:54,300 - ERROR - Failed to load chat or detect error for 60126481576: Message: 
Stacktrace:
	GetHandleVerifier [0x0x7ff6ed18fe75+79173]
	GetHandleVerifier [0x0x7ff6ed18fed0+79264]
	(No symbol) [0x0x7ff6ecf49e5a]
	(No symbol) [0x0x7ff6ecfa0586]
	(No symbol) [0x0x7ff6ecfa083c]
	(No symbol) [0x0x7ff6ecff4247]
	(No symbol) [0x0x7ff6ecfc89af]
	(No symbol) [0x0x7ff6ecff100d]
	(No symbol) [0x0x7ff6ecfc8743]
	(No symbol) [0x0x7ff6ecf914c1]
	(No symbol) [0x0x7ff6ecf92253]
	GetHandleVerifier [0x0x7ff6ed45a2ad+3004797]
	GetHandleVerifier [0x0x7ff6ed4546fd+2981325]
	GetHandleVerifier [0x0x7ff6ed473350+3107360]
	GetHandleVerifier [0x0x7ff6ed1aa9fe+188622]
	GetHandleVerifier [0x0x7ff6ed1b228f+219487]
	GetHandleVerifier [0x0x7ff6ed198dc4+115860]
	GetHandleVerifier [0x0x7ff6ed198f79+116297]
	GetHandleVerifier [0x0x7ff6ed17f528+11256]
	BaseThreadInitThunk [0x0x7ffc862f7374+20]
	RtlUserThreadStart [0x0x7ffc870bcc91+33]

2025-06-13 13:01:54,431 - INFO - Excel status updated: E:/blast/D'vine/D'vine Residence50_report.xlsx
2025-06-13 13:02:13,475 - WARNING - Invalid phone number for 60197108010. Skipping.
2025-06-13 13:02:13,597 - INFO - Excel status updated: E:/blast/D'vine/D'vine Residence50_report.xlsx
2025-06-13 13:02:36,649 - ERROR - Failed to load chat or detect error for 60123593761: Message: 
Stacktrace:
	GetHandleVerifier [0x0x7ff6ed18fe75+79173]
	GetHandleVerifier [0x0x7ff6ed18fed0+79264]
	(No symbol) [0x0x7ff6ecf49e5a]
	(No symbol) [0x0x7ff6ecfa0586]
	(No symbol) [0x0x7ff6ecfa083c]
	(No symbol) [0x0x7ff6ecff4247]
	(No symbol) [0x0x7ff6ecfc89af]
	(No symbol) [0x0x7ff6ecff100d]
	(No symbol) [0x0x7ff6ecfc8743]
	(No symbol) [0x0x7ff6ecf914c1]
	(No symbol) [0x0x7ff6ecf92253]
	GetHandleVerifier [0x0x7ff6ed45a2ad+3004797]
	GetHandleVerifier [0x0x7ff6ed4546fd+2981325]
	GetHandleVerifier [0x0x7ff6ed473350+3107360]
	GetHandleVerifier [0x0x7ff6ed1aa9fe+188622]
	GetHandleVerifier [0x0x7ff6ed1b228f+219487]
	GetHandleVerifier [0x0x7ff6ed198dc4+115860]
	GetHandleVerifier [0x0x7ff6ed198f79+116297]
	GetHandleVerifier [0x0x7ff6ed17f528+11256]
	BaseThreadInitThunk [0x0x7ffc862f7374+20]
	RtlUserThreadStart [0x0x7ffc870bcc91+33]

2025-06-13 13:02:36,794 - INFO - Excel status updated: E:/blast/D'vine/D'vine Residence50_report.xlsx
2025-06-13 13:02:58,331 - ERROR - Failed to load chat or detect error for 60123111847: Message: 
Stacktrace:
	GetHandleVerifier [0x0x7ff6ed18fe75+79173]
	GetHandleVerifier [0x0x7ff6ed18fed0+79264]
	(No symbol) [0x0x7ff6ecf49e5a]
	(No symbol) [0x0x7ff6ecfa0586]
	(No symbol) [0x0x7ff6ecfa083c]
	(No symbol) [0x0x7ff6ecff4247]
	(No symbol) [0x0x7ff6ecfc89af]
	(No symbol) [0x0x7ff6ecff100d]
	(No symbol) [0x0x7ff6ecfc8743]
	(No symbol) [0x0x7ff6ecf914c1]
	(No symbol) [0x0x7ff6ecf92253]
	GetHandleVerifier [0x0x7ff6ed45a2ad+3004797]
	GetHandleVerifier [0x0x7ff6ed4546fd+2981325]
	GetHandleVerifier [0x0x7ff6ed473350+3107360]
	GetHandleVerifier [0x0x7ff6ed1aa9fe+188622]
	GetHandleVerifier [0x0x7ff6ed1b228f+219487]
	GetHandleVerifier [0x0x7ff6ed198dc4+115860]
	GetHandleVerifier [0x0x7ff6ed198f79+116297]
	GetHandleVerifier [0x0x7ff6ed17f528+11256]
	BaseThreadInitThunk [0x0x7ffc862f7374+20]
	RtlUserThreadStart [0x0x7ffc870bcc91+33]

2025-06-13 13:02:58,463 - INFO - Excel status updated: E:/blast/D'vine/D'vine Residence50_report.xlsx
2025-06-13 13:03:22,720 - ERROR - Failed to load chat or detect error for 601133449404: Message: 
Stacktrace:
	GetHandleVerifier [0x0x7ff6ed18fe75+79173]
	GetHandleVerifier [0x0x7ff6ed18fed0+79264]
	(No symbol) [0x0x7ff6ecf49e5a]
	(No symbol) [0x0x7ff6ecfa0586]
	(No symbol) [0x0x7ff6ecfa083c]
	(No symbol) [0x0x7ff6ecff4247]
	(No symbol) [0x0x7ff6ecfc89af]
	(No symbol) [0x0x7ff6ecff100d]
	(No symbol) [0x0x7ff6ecfc8743]
	(No symbol) [0x0x7ff6ecf914c1]
	(No symbol) [0x0x7ff6ecf92253]
	GetHandleVerifier [0x0x7ff6ed45a2ad+3004797]
	GetHandleVerifier [0x0x7ff6ed4546fd+2981325]
	GetHandleVerifier [0x0x7ff6ed473350+3107360]
	GetHandleVerifier [0x0x7ff6ed1aa9fe+188622]
	GetHandleVerifier [0x0x7ff6ed1b228f+219487]
	GetHandleVerifier [0x0x7ff6ed198dc4+115860]
	GetHandleVerifier [0x0x7ff6ed198f79+116297]
	GetHandleVerifier [0x0x7ff6ed17f528+11256]
	BaseThreadInitThunk [0x0x7ffc862f7374+20]
	RtlUserThreadStart [0x0x7ffc870bcc91+33]

2025-06-13 13:03:22,846 - INFO - Excel status updated: E:/blast/D'vine/D'vine Residence50_report.xlsx
2025-06-13 13:03:45,516 - ERROR - Failed to load chat or detect error for 60124986321: Message: 
Stacktrace:
	GetHandleVerifier [0x0x7ff6ed18fe75+79173]
	GetHandleVerifier [0x0x7ff6ed18fed0+79264]
	(No symbol) [0x0x7ff6ecf49e5a]
	(No symbol) [0x0x7ff6ecfa0586]
	(No symbol) [0x0x7ff6ecfa083c]
	(No symbol) [0x0x7ff6ecff4247]
	(No symbol) [0x0x7ff6ecfc89af]
	(No symbol) [0x0x7ff6ecff100d]
	(No symbol) [0x0x7ff6ecfc8743]
	(No symbol) [0x0x7ff6ecf914c1]
	(No symbol) [0x0x7ff6ecf92253]
	GetHandleVerifier [0x0x7ff6ed45a2ad+3004797]
	GetHandleVerifier [0x0x7ff6ed4546fd+2981325]
	GetHandleVerifier [0x0x7ff6ed473350+3107360]
	GetHandleVerifier [0x0x7ff6ed1aa9fe+188622]
	GetHandleVerifier [0x0x7ff6ed1b228f+219487]
	GetHandleVerifier [0x0x7ff6ed198dc4+115860]
	GetHandleVerifier [0x0x7ff6ed198f79+116297]
	GetHandleVerifier [0x0x7ff6ed17f528+11256]
	BaseThreadInitThunk [0x0x7ffc862f7374+20]
	RtlUserThreadStart [0x0x7ffc870bcc91+33]

2025-06-13 13:03:45,803 - INFO - Excel status updated: E:/blast/D'vine/D'vine Residence50_report.xlsx; Report generated: E:/blast/D'vine/D'vine Residence50_report.xlsx; Automation completed!
Report generated: E:/blast/D'vine/D'vine Residence50_report.xlsx
Total messages: 29
Successful: 8
Failed: 21
Success rate: 27.6%
Report saved as: E:/blast/D'vine/D'vine Residence50_report.xlsx
2025-06-13 13:08:30,834 - INFO - Checking login status...
2025-06-13 13:08:50,048 - INFO - Already logged in - starting in headless mode
2025-06-13 13:09:05,607 - INFO - Successfully initialized headless mode
2025-06-13 13:09:24,447 - ERROR - Failed to load chat or detect error for 60179785699: Message: 
Stacktrace:
	GetHandleVerifier [0x0x7ff6ed18fe75+79173]
	GetHandleVerifier [0x0x7ff6ed18fed0+79264]
	(No symbol) [0x0x7ff6ecf49e5a]
	(No symbol) [0x0x7ff6ecfa0586]
	(No symbol) [0x0x7ff6ecfa083c]
	(No symbol) [0x0x7ff6ecff4247]
	(No symbol) [0x0x7ff6ecfc89af]
	(No symbol) [0x0x7ff6ecff100d]
	(No symbol) [0x0x7ff6ecfc8743]
	(No symbol) [0x0x7ff6ecf914c1]
	(No symbol) [0x0x7ff6ecf92253]
	GetHandleVerifier [0x0x7ff6ed45a2ad+3004797]
	GetHandleVerifier [0x0x7ff6ed4546fd+2981325]
	GetHandleVerifier [0x0x7ff6ed473350+3107360]
	GetHandleVerifier [0x0x7ff6ed1aa9fe+188622]
	GetHandleVerifier [0x0x7ff6ed1b228f+219487]
	GetHandleVerifier [0x0x7ff6ed198dc4+115860]
	GetHandleVerifier [0x0x7ff6ed198f79+116297]
	GetHandleVerifier [0x0x7ff6ed17f528+11256]
	BaseThreadInitThunk [0x0x7ffc862f7374+20]
	RtlUserThreadStart [0x0x7ffc870bcc91+33]

2025-06-13 13:09:24,738 - INFO - Excel status updated: E:/blast/D'vine/D'vine Residence50_report.xlsx
2025-06-13 13:14:51,567 - INFO - Message sent to 60172130034
2025-06-13 13:14:51,975 - INFO - Excel status updated: E:/blast/D'vine/D'vine Residence50_report.xlsx
2025-06-13 13:21:48,734 - INFO - Message sent to 60166205205
2025-06-13 13:21:49,098 - INFO - Excel status updated: E:/blast/D'vine/D'vine Residence50_report.xlsx
2025-06-13 13:28:28,774 - INFO - Message sent to 60189049452
2025-06-13 13:28:29,116 - INFO - Excel status updated: E:/blast/D'vine/D'vine Residence50_report.xlsx
2025-06-13 13:34:53,481 - INFO - Message sent to 60128800761
2025-06-13 13:34:53,872 - INFO - Excel status updated: E:/blast/D'vine/D'vine Residence50_report.xlsx
2025-06-13 13:40:15,858 - INFO - Message sent to 60123752489
2025-06-13 13:40:16,203 - INFO - Excel status updated: E:/blast/D'vine/D'vine Residence50_report.xlsx
2025-06-13 13:48:38,700 - INFO - Message sent to 60169530443
2025-06-13 13:48:39,068 - INFO - Excel status updated: E:/blast/D'vine/D'vine Residence50_report.xlsx
2025-06-13 13:55:12,133 - INFO - Message sent to 60126136353
2025-06-13 13:55:12,451 - INFO - Excel status updated: E:/blast/D'vine/D'vine Residence50_report.xlsx
2025-06-13 14:01:17,905 - INFO - Message sent to 60123295885
2025-06-13 14:01:18,260 - INFO - Excel status updated: E:/blast/D'vine/D'vine Residence50_report.xlsx
2025-06-13 14:01:41,223 - ERROR - Failed to load chat or detect error for 60192365766: Message: 
Stacktrace:
	GetHandleVerifier [0x0x7ff6ed18fe75+79173]
	GetHandleVerifier [0x0x7ff6ed18fed0+79264]
	(No symbol) [0x0x7ff6ecf49e5a]
	(No symbol) [0x0x7ff6ecfa0586]
	(No symbol) [0x0x7ff6ecfa083c]
	(No symbol) [0x0x7ff6ecff4247]
	(No symbol) [0x0x7ff6ecfc89af]
	(No symbol) [0x0x7ff6ecff100d]
	(No symbol) [0x0x7ff6ecfc8743]
	(No symbol) [0x0x7ff6ecf914c1]
	(No symbol) [0x0x7ff6ecf92253]
	GetHandleVerifier [0x0x7ff6ed45a2ad+3004797]
	GetHandleVerifier [0x0x7ff6ed4546fd+2981325]
	GetHandleVerifier [0x0x7ff6ed473350+3107360]
	GetHandleVerifier [0x0x7ff6ed1aa9fe+188622]
	GetHandleVerifier [0x0x7ff6ed1b228f+219487]
	GetHandleVerifier [0x0x7ff6ed198dc4+115860]
	GetHandleVerifier [0x0x7ff6ed198f79+116297]
	GetHandleVerifier [0x0x7ff6ed17f528+11256]
	BaseThreadInitThunk [0x0x7ffc862f7374+20]
	RtlUserThreadStart [0x0x7ffc870bcc91+33]

2025-06-13 14:01:41,346 - INFO - Excel status updated: E:/blast/D'vine/D'vine Residence50_report.xlsx
2025-06-13 14:09:26,356 - INFO - Message sent to 60194714017
2025-06-13 14:09:26,747 - INFO - Excel status updated: E:/blast/D'vine/D'vine Residence50_report.xlsx
2025-06-13 14:15:47,782 - INFO - Message sent to 60166691669
2025-06-13 14:15:48,100 - INFO - Excel status updated: E:/blast/D'vine/D'vine Residence50_report.xlsx
2025-06-13 14:23:39,560 - INFO - Message sent to 60125149332
2025-06-13 14:23:39,919 - INFO - Excel status updated: E:/blast/D'vine/D'vine Residence50_report.xlsx
2025-06-13 14:30:33,473 - INFO - Message sent to 60193224422
2025-06-13 14:30:33,771 - INFO - Excel status updated: E:/blast/D'vine/D'vine Residence50_report.xlsx
2025-06-13 14:30:51,374 - WARNING - Invalid phone number for 60162386509. Skipping.
2025-06-13 14:30:51,925 - INFO - Excel status updated: E:/blast/D'vine/D'vine Residence50_report.xlsx
2025-06-13 14:39:22,427 - INFO - Message sent to 60126481576
2025-06-13 14:39:22,792 - INFO - Excel status updated: E:/blast/D'vine/D'vine Residence50_report.xlsx
2025-06-13 14:39:40,862 - WARNING - Invalid phone number for 60197108010. Skipping.
2025-06-13 14:39:40,978 - INFO - Excel status updated: E:/blast/D'vine/D'vine Residence50_report.xlsx
2025-06-13 14:46:44,435 - INFO - Message sent to 60123593761
2025-06-13 14:46:44,787 - INFO - Excel status updated: E:/blast/D'vine/D'vine Residence50_report.xlsx
2025-06-13 14:54:10,081 - INFO - Message sent to 60123111847
2025-06-13 14:54:10,279 - INFO - Excel status updated: E:/blast/D'vine/D'vine Residence50_report.xlsx
2025-06-13 15:00:55,762 - INFO - Message sent to 601133449404
2025-06-13 15:00:56,117 - INFO - Excel status updated: E:/blast/D'vine/D'vine Residence50_report.xlsx
2025-06-13 15:08:22,851 - INFO - Message sent to 60124986321
2025-06-13 15:08:23,322 - INFO - Excel status updated: E:/blast/D'vine/D'vine Residence50_report.xlsx; Report generated: E:/blast/D'vine/D'vine Residence50_report.xlsx; Automation completed!
Report generated: E:/blast/D'vine/D'vine Residence50_report.xlsx
Total messages: 29
Successful: 25
Failed: 4
Success rate: 86.2%
Report saved as: E:/blast/D'vine/D'vine Residence50_report.xlsx
2025-06-13 15:11:03,341 - INFO - Checking login status...
2025-06-13 15:11:20,676 - INFO - Already logged in - starting in headless mode
2025-06-13 15:11:33,878 - INFO - Successfully initialized headless mode
2025-06-13 15:17:10,745 - INFO - Message sent to 60179785699
2025-06-13 15:17:11,046 - INFO - Excel status updated: E:/blast/D'vine/D'vine Residence50_report.xlsx
2025-06-13 15:23:24,119 - INFO - Message sent to 60192365766
2025-06-13 15:23:25,513 - INFO - Excel status updated: E:/blast/D'vine/D'vine Residence50_report.xlsx
2025-06-13 15:23:46,391 - WARNING - Invalid phone number for 60162386509. Skipping.
2025-06-13 15:23:46,515 - INFO - Excel status updated: E:/blast/D'vine/D'vine Residence50_report.xlsx
2025-06-13 15:24:03,527 - WARNING - Invalid phone number for 60197108010. Skipping.
2025-06-13 15:24:03,792 - INFO - Excel status updated: E:/blast/D'vine/D'vine Residence50_report.xlsx; Report generated: E:/blast/D'vine/D'vine Residence50_report.xlsx; Automation completed!
Report generated: E:/blast/D'vine/D'vine Residence50_report.xlsx
Total messages: 29
Successful: 27
Failed: 2
Success rate: 93.1%
Report saved as: E:/blast/D'vine/D'vine Residence50_report.xlsx
